Timestamp (s),Participant_ID,Age (yrs),Gender,Height (cm),Weight (kg),BMI (kg/m²),Obesity_Class,Body_Fat_%,Waist_Circumference (cm),Rehab_Week,Sensor_ID,Body_Segment,Quaternion_w,Quaternion_x,Quaternion_y,Quaternion_z,Gyro_X (°/s),Gyro_Y (°/s),Gyro_Z (°/s),Accel_X (m/s²),Accel_Y (m/s²),Accel_Z (m/s²),Joint_Angle (°),Angular_Velocity (°/s),Stride_Time (s),Step_Length (cm),"Motion_Smoothness (Jerk, m/s³)",Energy_Expenditure (kJ),Feedback_Error (%),Deviation_Level,Performance_Label,Feedback_Action
0.016,P001,16,F,151,98,43.0,Class III,35.4,88.8,4,S1,Upper Arm,0.971,0.036,0.154,0.197,0.41,-0.31,1.06,0.22,9.82,-0.08,26.2,14.7,1.09,52.6,0.034,2.51,5.72,Low,Optimal,Reduce angular velocity
0.032,P002,17,F,164,78,29.0,Class I,37.9,98.6,4,S2,Right Shank,0.967,0.035,0.141,0.193,0.32,-0.28,1.1,0.24,9.71,-0.06,25.1,16.5,1.01,54.0,0.033,2.49,1.74,Low,Slight Deviation,Adjust torso angle
0.048,P003,15,F,157,71,28.8,Class I,36.7,101.8,2,S3,Right Shank,0.973,0.034,0.148,0.196,0.45,-0.28,1.03,0.1,9.75,-0.12,28.0,18.3,1.18,48.8,0.035,2.55,3.75,Medium,Slight Deviation,Adjust torso angle
0.064,P004,17,M,157,64,26.0,Class I,25.6,103.7,4,S4,Upper Arm,0.965,0.038,0.142,0.192,0.36,-0.25,1.19,0.2,9.89,-0.15,32.0,10.5,1.09,50.4,0.04,2.61,3.19,Low,Slight Deviation,Maintain balance
0.08,P005,17,F,166,84,30.5,Class II,32.2,98.6,1,S5,Lower Back,0.964,0.048,0.152,0.188,0.42,-0.32,1.17,0.11,9.88,-0.1,32.9,18.5,1.01,54.1,0.026,2.26,4.32,Low,Deviation,Correct limb orientation
0.096,P006,14,M,161,77,29.7,Class I,26.6,84.5,3,S6,Right Leg,0.978,0.04,0.159,0.199,0.35,-0.3,1.17,0.21,9.86,-0.1,28.0,15.5,1.14,49.4,0.034,2.69,5.07,Medium,Optimal,Correct limb orientation
0.112,P007,15,M,168,86,30.5,Class II,28.6,95.6,2,S1,Right Shank,0.962,0.034,0.153,0.191,0.39,-0.3,1.08,0.28,9.7,-0.13,30.0,12.0,1.1,48.5,0.038,2.46,2.76,Low,Slight Deviation,Maintain balance
0.128,P008,15,M,159,71,28.1,Class I,39.8,88.1,4,S2,Left Thigh,0.97,0.032,0.142,0.192,0.33,-0.31,1.15,0.29,9.77,-0.07,29.2,13.2,1.02,53.5,0.032,2.24,4.01,High,Optimal,Reduce angular velocity
0.144,P009,15,M,158,71,28.4,Class I,27.1,82.6,2,S3,Left Arm,0.964,0.044,0.147,0.184,0.32,-0.33,1.03,0.21,9.83,-0.05,29.1,12.8,1.04,53.8,0.026,2.67,4.69,High,Optimal,Correct limb orientation
0.16,P010,17,F,154,68,28.7,Class I,32.5,100.2,4,S4,Upper Arm,0.961,0.038,0.151,0.193,0.44,-0.25,1.0,0.19,9.76,-0.06,27.3,15.3,1.01,49.1,0.033,2.43,2.1,High,Deviation,Correct limb orientation
0.176,P011,16,F,155,63,26.2,Class I,34.3,76.2,2,S5,Left Thigh,0.961,0.046,0.148,0.191,0.44,-0.26,1.0,0.29,9.88,-0.13,26.4,10.5,1.11,54.0,0.03,2.26,5.16,High,Optimal,Reduce angular velocity
0.192,P012,15,M,169,94,32.9,Class II,35.5,102.1,3,S6,Upper Arm,0.964,0.043,0.157,0.184,0.43,-0.3,1.12,0.23,9.83,-0.06,27.0,11.6,1.12,52.8,0.027,2.58,4.23,High,Slight Deviation,Maintain posture
0.208,P013,17,M,175,56,18.3,Normal,33.4,88.8,3,S1,Left Arm,0.977,0.046,0.156,0.181,0.39,-0.29,1.09,0.11,9.71,-0.08,25.6,18.1,1.1,51.6,0.038,2.73,5.77,High,Slight Deviation,Maintain posture
0.224,P014,14,M,151,99,43.4,Class III,25.1,94.1,1,S2,Left Arm,0.966,0.035,0.152,0.192,0.42,-0.33,1.1,0.19,9.88,-0.1,27.0,11.3,1.16,53.8,0.033,2.73,3.03,High,Optimal,Maintain balance
0.24,P015,16,F,176,79,25.5,Class I,29.9,94.8,1,S3,Right Shank,0.979,0.044,0.147,0.195,0.31,-0.3,1.0,0.15,9.89,-0.1,25.1,12.3,1.17,50.9,0.039,2.77,1.99,High,Optimal,Adjust torso angle
0.256,P016,14,M,173,93,31.1,Class II,32.8,101.9,4,S4,Right Shank,0.972,0.035,0.145,0.19,0.35,-0.28,1.08,0.19,9.72,-0.07,31.3,14.5,1.12,49.4,0.037,2.72,3.78,High,Deviation,Correct limb orientation
0.272,P017,16,M,176,63,20.3,Normal,26.3,94.1,3,S5,Left Thigh,0.969,0.049,0.142,0.185,0.35,-0.3,1.14,0.19,9.81,-0.1,28.2,15.2,1.0,50.0,0.035,2.2,1.89,Medium,Slight Deviation,Correct limb orientation
0.288,P018,17,F,162,76,29.0,Class I,30.3,93.4,2,S6,Upper Arm,0.972,0.043,0.147,0.193,0.4,-0.25,1.09,0.22,9.76,-0.11,34.7,17.6,1.14,51.5,0.025,2.43,5.86,Medium,Slight Deviation,Maintain balance
0.304,P019,13,F,155,97,40.4,Class III,25.5,77.0,2,S1,Left Arm,0.97,0.036,0.148,0.182,0.35,-0.29,1.15,0.17,9.78,-0.1,26.9,14.5,1.08,51.7,0.031,2.69,1.67,High,Optimal,Maintain balance
0.32,P020,16,M,154,58,24.5,Normal,26.2,90.6,2,S2,Left Thigh,0.975,0.035,0.154,0.189,0.32,-0.31,1.05,0.13,9.74,-0.09,28.5,17.9,1.11,53.6,0.028,2.42,4.89,Medium,Optimal,Correct limb orientation
0.336,P021,14,F,174,80,26.4,Class I,31.0,79.5,1,S3,Right Leg,0.966,0.034,0.153,0.183,0.39,-0.27,1.16,0.2,9.82,-0.13,28.6,16.2,1.13,53.5,0.039,2.56,3.86,Medium,Optimal,Reduce angular velocity
0.352,P022,17,F,150,83,36.9,Class III,27.0,97.1,2,S4,Left Thigh,0.967,0.044,0.141,0.184,0.42,-0.33,1.12,0.27,9.89,-0.06,25.1,11.1,1.07,52.1,0.028,2.56,3.16,High,Slight Deviation,Reduce angular velocity
0.368,P023,16,M,170,99,34.3,Class II,33.5,90.4,1,S5,Lower Back,0.978,0.034,0.148,0.184,0.36,-0.31,1.04,0.23,9.8,-0.08,33.4,11.6,1.18,53.5,0.029,2.42,1.8,High,Optimal,Adjust torso angle
0.384,P024,13,F,171,88,30.1,Class II,35.3,95.4,1,S6,Left Thigh,0.979,0.042,0.144,0.188,0.32,-0.32,1.05,0.17,9.72,-0.09,25.3,14.4,1.03,49.3,0.033,2.74,4.3,Medium,Deviation,Correct limb orientation
0.4,P025,13,M,170,77,26.6,Class I,37.0,76.3,4,S1,Lower Back,0.978,0.035,0.143,0.181,0.33,-0.31,1.13,0.29,9.82,-0.14,34.4,14.0,1.13,48.4,0.029,2.5,4.13,High,Deviation,Correct limb orientation
0.416,P026,15,F,155,91,37.9,Class III,28.0,77.5,2,S2,Lower Back,0.968,0.043,0.157,0.188,0.34,-0.27,1.17,0.28,9.77,-0.09,33.9,17.4,1.0,54.1,0.028,2.48,2.76,High,Optimal,Correct limb orientation
0.432,P027,15,M,155,65,27.1,Class I,27.5,96.5,2,S3,Lower Back,0.976,0.046,0.141,0.19,0.34,-0.3,1.08,0.14,9.87,-0.14,30.4,15.8,1.18,48.5,0.034,2.8,5.6,High,Deviation,Correct limb orientation
0.448,P028,14,M,172,60,20.3,Normal,26.6,77.2,3,S4,Right Leg,0.97,0.046,0.148,0.19,0.4,-0.27,1.05,0.11,9.79,-0.14,30.4,13.9,1.02,49.7,0.026,2.5,2.87,High,Deviation,Maintain balance
0.464,P029,16,M,165,72,26.4,Class I,34.5,77.1,4,S5,Left Thigh,0.97,0.045,0.143,0.188,0.39,-0.29,1.17,0.25,9.74,-0.1,31.5,11.7,1.02,52.9,0.026,2.31,3.52,Medium,Deviation,Maintain posture
0.48,P030,16,F,153,75,32.0,Class II,35.6,75.4,3,S6,Left Thigh,0.964,0.034,0.158,0.197,0.4,-0.32,1.13,0.27,9.74,-0.11,28.9,12.3,1.07,50.9,0.031,2.51,3.95,Low,Deviation,Correct limb orientation
0.496,P031,15,M,179,96,30.0,Class II,25.5,103.7,4,S1,Right Leg,0.972,0.032,0.151,0.183,0.35,-0.27,1.09,0.29,9.85,-0.09,31.5,15.8,1.07,54.1,0.036,2.69,1.95,Medium,Deviation,Maintain posture
0.512,P032,16,F,160,90,35.2,Class III,39.0,97.1,2,S2,Left Arm,0.964,0.044,0.145,0.19,0.42,-0.33,1.1,0.28,9.75,-0.14,25.4,14.2,1.04,50.1,0.033,2.67,5.69,Low,Slight Deviation,Reduce angular velocity
0.528,P033,16,M,179,95,29.6,Class I,25.8,85.6,1,S3,Right Shank,0.967,0.037,0.15,0.181,0.33,-0.33,1.04,0.22,9.85,-0.11,25.5,15.1,1.12,48.1,0.031,2.67,3.19,Low,Optimal,Adjust torso angle
0.544,P034,13,M,179,92,28.7,Class I,33.1,83.9,1,S4,Left Thigh,0.977,0.039,0.155,0.181,0.37,-0.3,1.13,0.21,9.74,-0.13,29.6,11.7,1.09,50.1,0.033,2.62,1.86,Low,Deviation,Reduce angular velocity
0.56,P035,15,F,179,88,27.5,Class I,35.6,85.5,1,S5,Right Shank,0.964,0.031,0.159,0.191,0.42,-0.32,1.07,0.11,9.76,-0.05,30.5,16.6,1.01,52.0,0.03,2.35,3.24,Medium,Optimal,Correct limb orientation
0.576,P036,17,M,173,71,23.7,Normal,38.1,98.2,1,S6,Upper Arm,0.961,0.035,0.144,0.191,0.33,-0.35,1.2,0.15,9.79,-0.09,33.9,18.5,1.06,50.6,0.039,2.72,4.2,Medium,Deviation,Reduce angular velocity
0.592,P037,15,M,172,91,30.8,Class II,35.7,94.8,1,S1,Upper Arm,0.961,0.031,0.158,0.198,0.32,-0.29,1.1,0.19,9.89,-0.08,26.0,12.6,1.16,51.7,0.026,2.74,3.81,Medium,Slight Deviation,Maintain balance
0.608,P038,17,F,158,79,31.6,Class II,37.0,80.6,3,S2,Right Leg,0.979,0.048,0.159,0.191,0.43,-0.3,1.1,0.23,9.89,-0.12,33.2,14.9,1.14,54.1,0.035,2.32,4.63,Medium,Slight Deviation,Maintain posture
0.624,P039,13,M,172,92,31.1,Class II,30.1,80.2,4,S3,Upper Arm,0.97,0.035,0.158,0.199,0.35,-0.31,1.11,0.21,9.74,-0.14,27.1,19.8,1.14,54.4,0.038,2.28,1.75,Medium,Deviation,Correct limb orientation
0.64,P040,14,M,152,66,28.6,Class I,37.2,78.0,2,S4,Upper Arm,0.968,0.041,0.153,0.181,0.4,-0.25,1.18,0.25,9.77,-0.05,28.9,13.3,1.14,49.9,0.037,2.79,2.78,Low,Deviation,Maintain balance
0.656,P041,16,M,168,77,27.3,Class I,26.2,94.8,3,S5,Left Arm,0.976,0.031,0.153,0.182,0.3,-0.29,1.16,0.16,9.73,-0.12,28.2,16.0,1.06,51.2,0.028,2.72,5.19,Medium,Deviation,Maintain posture
0.672,P042,13,M,157,96,38.9,Class III,38.4,97.9,4,S6,Left Arm,0.977,0.043,0.148,0.181,0.4,-0.26,1.09,0.21,9.8,-0.11,29.0,10.9,1.02,51.8,0.029,2.74,1.86,Low,Slight Deviation,Maintain balance
0.688,P043,16,F,154,76,32.0,Class II,33.2,83.0,1,S1,Left Arm,0.967,0.036,0.155,0.184,0.35,-0.34,1.14,0.12,9.79,-0.09,26.5,16.1,1.05,54.6,0.036,2.73,5.35,Medium,Slight Deviation,Reduce angular velocity
0.704,P044,14,F,153,75,32.0,Class II,37.3,75.6,4,S2,Upper Arm,0.974,0.048,0.151,0.191,0.31,-0.29,1.12,0.18,9.88,-0.15,30.0,10.9,1.17,55.0,0.026,2.53,1.91,Medium,Optimal,Correct limb orientation
0.72,P045,14,M,173,81,27.1,Class I,31.8,77.5,4,S3,Right Leg,0.975,0.048,0.154,0.193,0.39,-0.26,1.1,0.25,9.89,-0.07,33.0,19.6,1.2,49.6,0.037,2.59,5.26,High,Slight Deviation,Reduce angular velocity
0.736,P046,13,F,155,85,35.4,Class III,34.7,104.0,1,S4,Lower Back,0.973,0.037,0.149,0.181,0.34,-0.29,1.04,0.24,9.78,-0.1,29.4,17.2,1.1,53.1,0.036,2.53,3.12,Low,Deviation,Adjust torso angle
0.752,P047,14,M,151,60,26.3,Class I,32.9,83.9,1,S5,Lower Back,0.963,0.048,0.155,0.199,0.36,-0.28,1.09,0.3,9.8,-0.12,29.9,17.9,1.0,50.6,0.036,2.23,4.25,Medium,Optimal,Correct limb orientation
0.768,P048,17,F,169,81,28.4,Class I,36.0,98.1,1,S6,Right Shank,0.978,0.05,0.156,0.197,0.31,-0.31,1.05,0.16,9.88,-0.14,33.5,17.0,1.03,48.1,0.027,2.65,2.19,Medium,Slight Deviation,Reduce angular velocity
0.784,P049,14,M,177,94,30.0,Class II,26.2,93.7,2,S1,Lower Back,0.971,0.047,0.143,0.186,0.32,-0.34,1.18,0.2,9.86,-0.13,32.1,15.9,1.06,48.1,0.036,2.5,1.8,Medium,Slight Deviation,Correct limb orientation
0.8,P050,16,M,160,88,34.4,Class II,25.9,86.5,1,S2,Lower Back,0.966,0.047,0.157,0.182,0.34,-0.3,1.07,0.17,9.7,-0.06,29.9,14.5,1.12,51.2,0.035,2.59,2.47,High,Deviation,Maintain posture
0.816,P051,16,M,153,66,28.2,Class I,28.7,81.2,2,S3,Left Arm,0.969,0.035,0.151,0.183,0.31,-0.31,1.19,0.19,9.76,-0.08,27.6,18.6,1.02,51.4,0.037,2.5,2.08,Low,Optimal,Correct limb orientation
0.832,P052,16,M,164,99,36.8,Class III,27.4,78.6,1,S4,Left Arm,0.961,0.042,0.157,0.183,0.44,-0.26,1.11,0.27,9.78,-0.13,33.8,19.6,1.19,48.2,0.026,2.5,2.91,Medium,Slight Deviation,Correct limb orientation
0.848,P053,16,M,155,61,25.4,Class I,38.1,93.5,2,S5,Upper Arm,0.963,0.031,0.149,0.182,0.3,-0.33,1.13,0.24,9.75,-0.14,30.8,15.0,1.07,52.8,0.025,2.3,3.81,Medium,Slight Deviation,Maintain posture
0.864,P054,17,M,171,64,21.9,Normal,28.3,98.2,4,S6,Right Shank,0.975,0.032,0.148,0.19,0.37,-0.25,1.11,0.28,9.74,-0.08,27.2,19.3,1.18,50.1,0.031,2.37,4.15,Medium,Deviation,Reduce angular velocity
0.88,P055,15,F,166,99,35.9,Class III,39.6,94.3,3,S1,Left Thigh,0.96,0.05,0.158,0.185,0.32,-0.25,1.03,0.14,9.71,-0.09,27.7,15.8,1.16,51.9,0.027,2.3,5.05,High,Optimal,Correct limb orientation
0.896,P056,13,M,179,71,22.2,Normal,30.1,90.9,4,S2,Right Shank,0.968,0.037,0.145,0.187,0.35,-0.33,1.08,0.27,9.83,-0.11,33.0,15.4,1.15,50.1,0.033,2.32,4.45,Medium,Optimal,Maintain balance
0.912,P057,16,F,173,80,26.7,Class I,27.7,76.3,4,S3,Right Shank,0.97,0.045,0.157,0.2,0.44,-0.32,1.02,0.11,9.75,-0.11,25.4,14.5,1.12,49.2,0.039,2.78,4.24,Low,Optimal,Correct limb orientation
0.928,P058,14,M,155,75,31.2,Class II,36.8,104.1,1,S4,Right Leg,0.961,0.046,0.15,0.194,0.32,-0.26,1.12,0.28,9.71,-0.13,34.9,12.1,1.13,50.9,0.031,2.29,3.35,Low,Optimal,Reduce angular velocity
0.944,P059,16,F,168,82,29.1,Class I,34.9,99.0,2,S5,Upper Arm,0.979,0.047,0.15,0.199,0.44,-0.25,1.09,0.17,9.75,-0.08,26.3,10.0,1.13,49.6,0.038,2.36,3.63,Low,Deviation,Maintain posture
0.96,P060,14,F,179,56,17.5,Normal,32.5,83.8,3,S6,Right Leg,0.965,0.05,0.146,0.183,0.33,-0.31,1.16,0.16,9.86,-0.05,33.0,12.4,1.13,51.7,0.025,2.55,3.37,Low,Slight Deviation,Reduce angular velocity
0.976,P061,14,F,174,97,32.0,Class II,33.3,104.4,1,S1,Right Shank,0.966,0.035,0.151,0.188,0.41,-0.32,1.04,0.2,9.87,-0.13,28.9,15.1,1.11,49.4,0.028,2.57,5.29,Medium,Slight Deviation,Adjust torso angle
0.992,P062,16,M,151,55,24.1,Normal,35.8,93.1,1,S2,Right Shank,0.966,0.031,0.147,0.191,0.38,-0.3,1.03,0.29,9.8,-0.09,29.9,13.8,1.2,51.6,0.025,2.29,2.54,High,Optimal,Correct limb orientation
1.008,P063,17,M,164,90,33.5,Class II,28.4,92.5,1,S3,Right Shank,0.965,0.038,0.141,0.182,0.43,-0.28,1.08,0.11,9.78,-0.11,33.8,14.5,1.15,49.1,0.03,2.68,1.53,High,Optimal,Correct limb orientation
1.024,P064,14,F,160,80,31.2,Class II,39.9,97.4,4,S4,Lower Back,0.96,0.033,0.145,0.18,0.38,-0.32,1.19,0.17,9.9,-0.11,29.1,19.8,1.16,52.7,0.039,2.67,4.43,High,Optimal,Maintain posture
1.04,P065,14,M,157,83,33.7,Class II,39.6,99.4,2,S5,Right Leg,0.975,0.03,0.14,0.193,0.38,-0.28,1.14,0.27,9.74,-0.12,30.4,13.5,1.17,53.3,0.026,2.34,2.41,Medium,Slight Deviation,Correct limb orientation
1.056,P066,16,F,175,75,24.5,Normal,34.8,94.7,2,S6,Right Shank,0.979,0.037,0.16,0.193,0.33,-0.34,1.08,0.18,9.74,-0.07,25.5,14.5,1.04,48.8,0.034,2.37,5.51,High,Slight Deviation,Maintain balance
1.072,P067,14,M,168,65,23.0,Normal,28.0,78.8,3,S1,Left Arm,0.964,0.046,0.159,0.188,0.32,-0.35,1.1,0.14,9.76,-0.1,25.0,11.3,1.02,51.3,0.032,2.76,5.37,Low,Optimal,Maintain balance
1.088,P068,14,F,162,94,35.8,Class III,35.2,85.1,2,S2,Upper Arm,0.973,0.041,0.148,0.19,0.44,-0.31,1.02,0.18,9.73,-0.1,27.4,10.5,1.1,48.5,0.039,2.7,1.85,Medium,Deviation,Reduce angular velocity
1.104,P069,16,F,161,65,25.1,Class I,26.1,102.8,2,S3,Upper Arm,0.975,0.036,0.155,0.188,0.35,-0.31,1.2,0.18,9.78,-0.12,31.8,17.8,1.1,52.2,0.027,2.62,1.98,High,Slight Deviation,Maintain posture
1.12,P070,16,M,154,90,37.9,Class III,25.5,81.7,1,S4,Left Arm,0.977,0.043,0.147,0.18,0.36,-0.32,1.13,0.28,9.88,-0.13,26.2,15.7,1.17,49.9,0.028,2.25,3.73,Low,Slight Deviation,Adjust torso angle
1.136,P071,13,F,155,93,38.7,Class III,28.9,86.2,1,S5,Upper Arm,0.968,0.035,0.153,0.187,0.41,-0.3,1.06,0.25,9.82,-0.14,26.1,17.6,1.09,51.7,0.025,2.45,4.24,Low,Optimal,Reduce angular velocity
1.152,P072,17,M,175,94,30.7,Class II,31.9,88.0,4,S6,Lower Back,0.966,0.03,0.156,0.184,0.35,-0.32,1.12,0.2,9.78,-0.08,29.1,11.5,1.11,51.6,0.032,2.54,2.74,Medium,Deviation,Maintain posture
1.168,P073,17,F,171,89,30.4,Class II,38.0,88.2,1,S1,Lower Back,0.967,0.045,0.159,0.182,0.44,-0.33,1.02,0.3,9.89,-0.13,31.5,15.7,1.11,54.5,0.029,2.31,4.73,Medium,Optimal,Maintain posture
1.184,P074,14,F,153,88,37.6,Class III,35.9,93.4,1,S2,Left Thigh,0.974,0.042,0.148,0.199,0.41,-0.32,1.19,0.19,9.71,-0.08,32.1,12.5,1.01,51.8,0.038,2.47,4.18,High,Optimal,Reduce angular velocity
1.2,P075,17,M,168,78,27.6,Class I,36.1,103.3,1,S3,Left Thigh,0.976,0.045,0.156,0.192,0.39,-0.25,1.03,0.11,9.74,-0.11,26.8,12.3,1.12,52.1,0.034,2.56,2.96,High,Deviation,Reduce angular velocity
1.216,P076,14,M,169,76,26.6,Class I,31.4,82.2,1,S4,Left Thigh,0.964,0.031,0.145,0.195,0.43,-0.31,1.13,0.15,9.81,-0.11,25.8,10.1,1.17,50.8,0.034,2.4,1.61,High,Deviation,Correct limb orientation
1.232,P077,13,M,150,59,26.2,Class I,30.2,78.6,4,S5,Upper Arm,0.967,0.047,0.16,0.186,0.31,-0.31,1.05,0.19,9.82,-0.1,34.4,11.3,1.03,54.6,0.033,2.67,4.88,Medium,Deviation,Adjust torso angle
1.248,P078,16,F,169,87,30.5,Class II,30.6,80.9,1,S6,Lower Back,0.978,0.042,0.141,0.188,0.34,-0.29,1.14,0.13,9.71,-0.11,27.6,13.1,1.12,53.4,0.026,2.7,2.47,High,Slight Deviation,Maintain balance
1.264,P079,16,M,166,90,32.7,Class II,39.8,101.6,3,S1,Lower Back,0.976,0.041,0.152,0.185,0.37,-0.25,1.16,0.29,9.78,-0.14,33.5,11.2,1.12,50.0,0.032,2.39,5.26,High,Optimal,Correct limb orientation
1.28,P080,16,F,161,74,28.5,Class I,25.6,94.4,3,S2,Lower Back,0.98,0.042,0.153,0.182,0.33,-0.33,1.13,0.25,9.83,-0.12,33.6,19.9,1.03,53.9,0.04,2.7,3.39,Low,Slight Deviation,Maintain posture
1.296,P081,17,F,164,73,27.1,Class I,38.0,83.6,3,S3,Left Arm,0.975,0.047,0.154,0.184,0.41,-0.28,1.12,0.15,9.84,-0.08,32.7,13.1,1.02,51.0,0.038,2.26,4.1,Low,Deviation,Adjust torso angle
1.312,P082,13,M,150,89,39.6,Class III,33.7,99.5,3,S4,Lower Back,0.968,0.042,0.142,0.196,0.44,-0.28,1.18,0.22,9.83,-0.08,26.7,11.3,1.2,53.8,0.038,2.7,5.43,Low,Slight Deviation,Adjust torso angle
1.328,P083,17,M,175,97,31.7,Class II,31.6,100.8,1,S5,Left Arm,0.972,0.042,0.159,0.194,0.36,-0.29,1.02,0.24,9.76,-0.12,33.2,12.0,1.08,53.8,0.037,2.29,5.39,High,Deviation,Reduce angular velocity
1.344,P084,17,F,163,71,26.7,Class I,35.9,100.4,3,S6,Left Thigh,0.973,0.05,0.144,0.191,0.35,-0.34,1.07,0.29,9.72,-0.1,32.7,15.9,1.05,49.3,0.027,2.25,3.17,Medium,Deviation,Adjust torso angle
1.36,P085,13,F,155,99,41.2,Class III,32.3,102.6,1,S1,Left Thigh,0.962,0.045,0.152,0.19,0.44,-0.28,1.05,0.28,9.79,-0.13,31.0,10.6,1.03,52.9,0.028,2.59,2.44,Low,Optimal,Adjust torso angle
1.376,P086,13,M,154,97,40.9,Class III,38.1,82.6,4,S2,Upper Arm,0.971,0.039,0.144,0.198,0.37,-0.34,1.2,0.2,9.73,-0.13,28.4,18.6,1.13,50.0,0.025,2.48,4.99,Medium,Optimal,Maintain posture
1.392,P087,13,M,179,88,27.5,Class I,38.5,97.7,3,S3,Left Thigh,0.974,0.044,0.146,0.181,0.37,-0.29,1.08,0.25,9.89,-0.15,27.6,19.6,1.12,50.1,0.03,2.74,3.45,High,Optimal,Correct limb orientation
1.408,P088,13,M,160,63,24.6,Normal,31.3,88.8,2,S4,Upper Arm,0.963,0.038,0.151,0.186,0.35,-0.28,1.15,0.21,9.8,-0.06,26.2,12.5,1.13,50.1,0.027,2.42,2.36,High,Slight Deviation,Adjust torso angle
1.424,P089,16,M,153,80,34.2,Class II,29.2,100.3,3,S5,Right Shank,0.976,0.035,0.148,0.187,0.44,-0.33,1.14,0.21,9.76,-0.13,30.1,14.5,1.02,53.1,0.032,2.37,5.57,Low,Optimal,Reduce angular velocity
1.44,P090,15,M,162,56,21.3,Normal,33.9,96.9,3,S6,Right Shank,0.972,0.042,0.143,0.196,0.39,-0.27,1.04,0.12,9.85,-0.13,30.9,10.2,1.18,49.6,0.035,2.5,2.39,Medium,Deviation,Correct limb orientation
1.456,P091,15,F,160,63,24.6,Normal,38.7,98.3,1,S1,Right Leg,0.979,0.049,0.143,0.2,0.41,-0.35,1.05,0.13,9.8,-0.12,28.6,16.4,1.08,48.0,0.038,2.47,1.62,Low,Optimal,Reduce angular velocity
1.472,P092,13,F,152,63,27.3,Class I,28.2,94.7,3,S2,Upper Arm,0.961,0.049,0.148,0.185,0.42,-0.27,1.06,0.21,9.76,-0.14,29.8,14.1,1.06,53.0,0.036,2.41,1.59,High,Slight Deviation,Adjust torso angle
1.488,P093,15,F,150,94,41.8,Class III,34.3,80.3,2,S3,Right Leg,0.965,0.037,0.155,0.197,0.35,-0.3,1.08,0.15,9.86,-0.09,28.6,12.7,1.09,49.2,0.039,2.62,4.3,Medium,Optimal,Correct limb orientation
1.504,P094,15,F,155,71,29.6,Class I,34.5,91.4,1,S4,Right Leg,0.972,0.041,0.158,0.197,0.37,-0.33,1.05,0.1,9.87,-0.14,31.4,12.1,1.08,48.7,0.026,2.66,4.48,Low,Optimal,Adjust torso angle
1.52,P095,13,M,167,55,19.7,Normal,36.0,104.5,1,S5,Right Shank,0.966,0.034,0.142,0.184,0.43,-0.34,1.0,0.24,9.83,-0.14,34.0,16.5,1.17,49.7,0.025,2.71,2.9,High,Optimal,Maintain posture
1.536,P096,15,M,173,79,26.4,Class I,27.0,103.1,4,S6,Upper Arm,0.974,0.05,0.148,0.188,0.35,-0.25,1.18,0.11,9.71,-0.09,26.6,14.2,1.19,50.7,0.035,2.78,2.94,Low,Slight Deviation,Correct limb orientation
1.552,P097,17,M,159,97,38.4,Class III,35.7,76.3,4,S1,Right Shank,0.975,0.05,0.142,0.188,0.42,-0.34,1.19,0.22,9.81,-0.12,28.8,11.8,1.06,51.3,0.029,2.36,3.03,Medium,Deviation,Reduce angular velocity
1.568,P098,14,F,154,94,39.6,Class III,38.6,79.9,3,S2,Right Leg,0.962,0.043,0.14,0.2,0.44,-0.33,1.07,0.21,9.85,-0.08,26.4,16.9,1.17,48.3,0.029,2.63,4.56,Medium,Deviation,Maintain posture
1.584,P099,14,F,172,96,32.4,Class II,27.7,79.0,4,S3,Upper Arm,0.97,0.046,0.153,0.184,0.39,-0.32,1.07,0.29,9.73,-0.09,31.2,15.7,1.16,54.8,0.03,2.44,1.76,Medium,Deviation,Maintain balance
1.6,P100,13,M,159,79,31.2,Class II,28.6,96.8,4,S4,Right Leg,0.97,0.044,0.152,0.196,0.41,-0.29,1.0,0.2,9.75,-0.12,32.3,18.6,1.19,53.0,0.029,2.61,5.68,Medium,Optimal,Reduce angular velocity
1.616,P101,16,M,161,93,35.9,Class III,39.6,99.5,4,S5,Lower Back,0.967,0.042,0.143,0.187,0.42,-0.3,1.14,0.11,9.88,-0.08,34.3,11.2,1.05,50.3,0.033,2.49,2.5,Medium,Optimal,Adjust torso angle
1.632,P102,13,F,151,89,39.0,Class III,27.7,81.4,1,S6,Upper Arm,0.979,0.031,0.145,0.195,0.43,-0.34,1.17,0.21,9.7,-0.14,27.8,17.9,1.12,50.2,0.032,2.8,6.0,Low,Slight Deviation,Reduce angular velocity
1.648,P103,16,F,162,57,21.7,Normal,37.8,90.2,1,S1,Upper Arm,0.977,0.039,0.14,0.188,0.36,-0.32,1.03,0.27,9.85,-0.1,34.5,16.7,1.05,51.1,0.033,2.64,2.27,Low,Deviation,Maintain balance
1.664,P104,14,M,157,91,36.9,Class III,32.4,100.2,1,S2,Right Leg,0.974,0.043,0.157,0.192,0.31,-0.33,1.03,0.3,9.79,-0.11,25.6,11.2,1.16,52.4,0.035,2.77,4.97,Low,Optimal,Reduce angular velocity
1.68,P105,13,M,151,98,43.0,Class III,28.7,97.0,4,S3,Lower Back,0.974,0.044,0.159,0.197,0.36,-0.33,1.16,0.19,9.79,-0.12,31.0,16.9,1.0,49.0,0.031,2.7,2.51,Low,Optimal,Maintain posture
1.696,P106,17,F,169,98,34.3,Class II,38.1,91.3,1,S4,Left Arm,0.969,0.037,0.143,0.196,0.4,-0.31,1.12,0.16,9.7,-0.09,25.6,14.4,1.11,49.3,0.029,2.74,1.86,High,Optimal,Reduce angular velocity
1.712,P107,15,M,150,84,37.3,Class III,31.7,92.7,4,S5,Right Shank,0.978,0.049,0.145,0.197,0.37,-0.28,1.01,0.28,9.86,-0.06,33.9,19.4,1.07,54.0,0.027,2.69,5.44,High,Slight Deviation,Correct limb orientation
1.728,P108,16,M,154,92,38.8,Class III,32.7,90.3,1,S6,Right Leg,0.974,0.033,0.157,0.181,0.41,-0.33,1.12,0.14,9.77,-0.05,30.3,11.4,1.06,49.8,0.03,2.48,5.36,Low,Deviation,Maintain balance
1.744,P109,15,M,158,88,35.3,Class III,30.4,83.9,1,S1,Upper Arm,0.975,0.04,0.159,0.194,0.35,-0.31,1.06,0.22,9.81,-0.09,31.7,16.4,1.13,50.7,0.036,2.35,3.32,High,Slight Deviation,Reduce angular velocity
1.76,P110,15,F,166,66,24.0,Normal,33.9,92.0,2,S2,Right Shank,0.977,0.044,0.148,0.183,0.4,-0.31,1.07,0.18,9.84,-0.11,33.3,13.8,1.17,54.1,0.036,2.42,4.66,High,Deviation,Maintain balance
1.776,P111,13,F,158,73,29.2,Class I,27.5,95.7,3,S3,Right Shank,0.965,0.044,0.141,0.188,0.33,-0.25,1.15,0.11,9.84,-0.13,26.5,19.6,1.12,52.6,0.035,2.21,4.01,Medium,Deviation,Maintain posture
1.792,P112,15,F,160,91,35.5,Class III,30.9,101.2,4,S4,Right Shank,0.976,0.043,0.141,0.191,0.41,-0.25,1.16,0.17,9.89,-0.12,25.4,13.3,1.17,50.4,0.029,2.51,5.34,Low,Optimal,Correct limb orientation
1.808,P113,17,F,164,98,36.4,Class III,39.5,94.1,2,S5,Left Arm,0.964,0.036,0.151,0.188,0.38,-0.27,1.08,0.15,9.81,-0.1,33.8,19.6,1.05,52.8,0.034,2.5,2.92,High,Optimal,Adjust torso angle
1.824,P114,15,F,173,71,23.7,Normal,28.9,97.8,1,S6,Left Thigh,0.967,0.033,0.148,0.19,0.33,-0.33,1.19,0.24,9.78,-0.11,28.1,19.0,1.1,48.1,0.034,2.52,3.86,High,Optimal,Reduce angular velocity
1.84,P115,13,F,155,64,26.6,Class I,34.9,79.8,4,S1,Right Leg,0.967,0.043,0.141,0.2,0.34,-0.34,1.08,0.29,9.89,-0.06,26.3,12.7,1.09,53.1,0.032,2.78,3.68,Low,Optimal,Maintain posture
1.856,P116,17,F,172,66,22.3,Normal,29.9,88.8,1,S2,Left Thigh,0.98,0.042,0.152,0.183,0.41,-0.32,1.15,0.15,9.83,-0.11,29.7,18.0,1.0,51.4,0.033,2.75,3.09,Medium,Optimal,Maintain balance
1.872,P117,14,M,152,70,30.3,Class II,36.6,75.3,3,S3,Left Thigh,0.977,0.034,0.14,0.194,0.37,-0.32,1.1,0.26,9.76,-0.11,31.0,20.0,1.11,53.7,0.032,2.3,5.51,Low,Deviation,Maintain balance
1.888,P118,15,M,179,78,24.3,Normal,27.0,82.4,2,S4,Left Thigh,0.974,0.044,0.156,0.188,0.33,-0.3,1.18,0.11,9.73,-0.11,25.3,12.5,1.13,54.7,0.033,2.42,2.25,Medium,Optimal,Maintain posture
1.904,P119,13,M,166,73,26.5,Class I,39.5,96.8,3,S5,Right Shank,0.975,0.039,0.146,0.183,0.45,-0.27,1.18,0.21,9.87,-0.07,27.7,14.4,1.12,54.5,0.036,2.45,2.17,High,Optimal,Reduce angular velocity
1.92,P120,14,M,154,62,26.1,Class I,31.8,104.8,2,S6,Lower Back,0.971,0.043,0.141,0.183,0.41,-0.26,1.02,0.11,9.77,-0.08,25.3,15.2,1.15,54.4,0.027,2.42,4.1,Medium,Slight Deviation,Adjust torso angle
1.936,P121,14,M,179,85,26.5,Class I,28.5,78.0,1,S1,Right Shank,0.979,0.047,0.152,0.199,0.44,-0.27,1.19,0.29,9.83,-0.09,29.2,12.9,1.11,51.6,0.036,2.68,4.46,Medium,Slight Deviation,Reduce angular velocity
1.952,P122,16,M,177,75,23.9,Normal,26.1,87.0,3,S2,Right Shank,0.97,0.033,0.148,0.198,0.36,-0.31,1.17,0.25,9.79,-0.12,34.0,10.2,1.01,50.5,0.027,2.51,2.38,Low,Deviation,Correct limb orientation
1.968,P123,17,M,161,71,27.4,Class I,27.5,99.0,3,S3,Upper Arm,0.968,0.03,0.159,0.198,0.37,-0.28,1.16,0.23,9.74,-0.07,34.8,12.2,1.02,51.3,0.026,2.54,3.26,High,Deviation,Reduce angular velocity
1.984,P124,15,F,167,77,27.6,Class I,32.8,81.1,1,S4,Upper Arm,0.963,0.046,0.151,0.2,0.43,-0.32,1.04,0.26,9.82,-0.15,31.4,12.8,1.12,52.8,0.04,2.71,5.76,Low,Slight Deviation,Correct limb orientation
2.0,P125,13,F,163,91,34.3,Class II,30.1,91.7,3,S5,Left Thigh,0.976,0.042,0.146,0.184,0.38,-0.34,1.16,0.23,9.71,-0.06,26.6,14.4,1.05,54.2,0.039,2.68,2.61,Low,Slight Deviation,Maintain balance
2.016,P126,16,M,170,70,24.2,Normal,37.4,97.0,4,S6,Right Shank,0.975,0.044,0.154,0.187,0.41,-0.28,1.17,0.29,9.78,-0.1,34.1,11.7,1.02,49.4,0.026,2.28,4.51,High,Optimal,Correct limb orientation
2.032,P127,17,M,173,60,20.0,Normal,31.5,93.5,2,S1,Left Thigh,0.968,0.047,0.145,0.193,0.34,-0.35,1.06,0.24,9.81,-0.11,30.2,18.7,1.09,54.4,0.032,2.63,4.83,Low,Optimal,Adjust torso angle
2.048,P128,16,F,160,62,24.2,Normal,28.7,80.6,2,S2,Upper Arm,0.961,0.046,0.158,0.19,0.37,-0.31,1.19,0.28,9.79,-0.1,26.5,17.0,1.11,53.7,0.028,2.46,3.52,Low,Deviation,Maintain posture
2.064,P129,17,M,158,79,31.6,Class II,34.3,85.7,2,S3,Lower Back,0.977,0.049,0.147,0.188,0.32,-0.32,1.01,0.2,9.85,-0.08,34.2,10.9,1.07,54.9,0.032,2.38,5.72,Medium,Slight Deviation,Correct limb orientation
2.08,P130,17,M,151,72,31.6,Class II,35.6,98.5,4,S4,Right Leg,0.96,0.041,0.151,0.187,0.33,-0.28,1.03,0.12,9.87,-0.15,32.6,16.5,1.14,54.2,0.037,2.23,4.81,Low,Deviation,Reduce angular velocity
2.096,P131,15,F,161,79,30.5,Class II,27.5,91.6,2,S5,Left Thigh,0.974,0.04,0.141,0.192,0.3,-0.27,1.11,0.21,9.85,-0.06,32.3,16.5,1.13,50.0,0.039,2.49,3.56,High,Optimal,Correct limb orientation
2.112,P132,17,M,152,66,28.6,Class I,27.5,75.2,1,S6,Lower Back,0.979,0.038,0.149,0.192,0.31,-0.32,1.12,0.13,9.71,-0.11,32.1,19.6,1.07,48.7,0.035,2.41,4.06,Low,Deviation,Maintain balance
2.128,P133,16,F,152,69,29.9,Class I,25.6,97.8,3,S1,Right Leg,0.969,0.033,0.157,0.183,0.45,-0.27,1.13,0.22,9.74,-0.12,27.0,10.0,1.15,48.8,0.03,2.35,4.62,Medium,Deviation,Correct limb orientation
2.144,P134,17,M,150,80,35.6,Class III,36.0,76.1,4,S2,Left Arm,0.965,0.041,0.156,0.189,0.34,-0.32,1.0,0.2,9.81,-0.14,27.1,12.5,1.13,50.0,0.034,2.62,4.16,Low,Deviation,Adjust torso angle
2.16,P135,15,F,157,95,38.5,Class III,35.0,97.4,2,S3,Left Thigh,0.974,0.036,0.144,0.191,0.4,-0.31,1.19,0.22,9.89,-0.11,31.9,19.3,1.13,52.3,0.03,2.66,5.45,Low,Optimal,Correct limb orientation
2.176,P136,15,F,171,99,33.9,Class II,32.1,81.1,1,S4,Left Thigh,0.976,0.048,0.145,0.191,0.43,-0.28,1.01,0.1,9.87,-0.1,27.2,19.3,1.11,53.6,0.039,2.35,3.11,Low,Deviation,Adjust torso angle
2.192,P137,16,F,177,80,25.5,Class I,37.7,103.7,3,S5,Left Arm,0.971,0.042,0.156,0.184,0.38,-0.28,1.03,0.14,9.87,-0.11,29.4,17.2,1.0,54.3,0.038,2.23,2.85,Medium,Optimal,Reduce angular velocity
2.208,P138,14,M,178,86,27.1,Class I,37.1,86.0,3,S6,Left Arm,0.979,0.042,0.159,0.195,0.32,-0.25,1.0,0.2,9.76,-0.08,32.8,17.7,1.14,52.4,0.033,2.71,2.46,High,Slight Deviation,Maintain balance
2.224,P139,14,F,157,64,26.0,Class I,33.8,84.8,4,S1,Left Thigh,0.961,0.037,0.142,0.181,0.41,-0.33,1.11,0.29,9.79,-0.11,32.8,10.9,1.08,48.0,0.03,2.21,1.67,High,Deviation,Maintain posture
2.24,P140,17,M,160,70,27.3,Class I,38.0,79.5,4,S2,Left Arm,0.97,0.031,0.149,0.187,0.39,-0.28,1.19,0.18,9.79,-0.05,29.5,15.1,1.19,49.3,0.029,2.76,1.69,Medium,Deviation,Reduce angular velocity
2.256,P141,13,M,158,61,24.4,Normal,28.1,84.2,4,S3,Right Shank,0.974,0.031,0.147,0.196,0.41,-0.29,1.13,0.18,9.73,-0.09,32.9,12.3,1.16,48.7,0.026,2.58,5.42,Medium,Optimal,Reduce angular velocity
2.272,P142,17,M,154,71,29.9,Class I,26.7,101.3,1,S4,Right Leg,0.977,0.038,0.157,0.191,0.42,-0.26,1.16,0.24,9.71,-0.07,33.4,11.8,1.12,50.5,0.037,2.39,4.55,Low,Deviation,Maintain posture
2.288,P143,16,M,163,77,29.0,Class I,29.0,104.9,1,S5,Right Leg,0.964,0.032,0.142,0.185,0.45,-0.33,1.0,0.22,9.89,-0.14,31.5,18.1,1.05,51.5,0.032,2.35,4.47,High,Optimal,Correct limb orientation
2.304,P144,16,F,177,80,25.5,Class I,25.9,86.0,4,S6,Right Leg,0.976,0.042,0.144,0.194,0.39,-0.27,1.11,0.16,9.75,-0.11,27.3,11.4,1.04,48.3,0.03,2.21,4.27,Medium,Deviation,Correct limb orientation
2.32,P145,16,F,179,75,23.4,Normal,33.0,88.5,2,S1,Right Shank,0.971,0.048,0.155,0.191,0.35,-0.29,1.09,0.18,9.75,-0.12,27.7,14.7,1.07,50.4,0.032,2.34,5.32,High,Slight Deviation,Correct limb orientation
2.336,P146,16,M,152,76,32.9,Class II,39.0,96.7,3,S2,Left Arm,0.968,0.048,0.141,0.196,0.4,-0.32,1.1,0.14,9.72,-0.09,28.1,19.4,1.1,49.3,0.037,2.28,3.66,Low,Slight Deviation,Maintain balance
2.352,P147,16,M,170,61,21.1,Normal,25.6,101.6,3,S3,Lower Back,0.963,0.043,0.15,0.195,0.31,-0.3,1.01,0.29,9.89,-0.06,26.2,11.9,1.06,52.5,0.027,2.57,5.42,Medium,Slight Deviation,Reduce angular velocity
2.368,P148,15,F,154,68,28.7,Class I,26.8,92.8,1,S4,Left Arm,0.977,0.034,0.149,0.192,0.43,-0.32,1.14,0.13,9.82,-0.14,27.7,19.8,1.1,51.2,0.038,2.3,3.12,High,Deviation,Adjust torso angle
2.384,P149,14,M,154,69,29.1,Class I,31.8,86.7,3,S5,Left Thigh,0.963,0.047,0.147,0.19,0.32,-0.29,1.1,0.17,9.83,-0.14,27.1,19.9,1.03,51.5,0.038,2.52,5.67,High,Deviation,Maintain posture
2.4,P150,16,F,168,61,21.6,Normal,39.0,87.4,2,S6,Upper Arm,0.966,0.048,0.148,0.183,0.35,-0.26,1.15,0.11,9.88,-0.06,29.6,15.6,1.2,51.0,0.039,2.55,4.64,Low,Slight Deviation,Reduce angular velocity
2.416,P151,13,M,176,63,20.3,Normal,29.7,95.9,3,S1,Right Leg,0.966,0.034,0.151,0.185,0.42,-0.29,1.1,0.14,9.77,-0.13,34.1,11.7,1.02,54.7,0.031,2.38,2.66,Medium,Slight Deviation,Correct limb orientation
2.432,P152,13,M,163,62,23.3,Normal,32.6,75.1,1,S2,Left Arm,0.977,0.045,0.143,0.188,0.39,-0.29,1.03,0.26,9.82,-0.08,26.0,13.2,1.19,49.5,0.028,2.22,4.04,High,Optimal,Maintain posture
2.448,P153,13,F,175,77,25.1,Class I,25.6,93.6,1,S3,Lower Back,0.973,0.036,0.151,0.192,0.36,-0.3,1.13,0.14,9.71,-0.1,32.2,14.2,1.18,51.6,0.031,2.22,3.9,Low,Optimal,Adjust torso angle
2.464,P154,13,M,179,83,25.9,Class I,27.2,85.7,2,S4,Left Thigh,0.976,0.046,0.156,0.19,0.37,-0.34,1.03,0.12,9.74,-0.07,31.9,13.1,1.11,53.2,0.03,2.22,2.12,High,Slight Deviation,Reduce angular velocity
2.48,P155,15,F,153,72,30.8,Class II,39.8,98.8,2,S5,Right Shank,0.965,0.05,0.155,0.186,0.43,-0.33,1.17,0.19,9.87,-0.14,26.0,12.8,1.14,51.9,0.028,2.64,4.16,Low,Slight Deviation,Reduce angular velocity
2.496,P156,13,M,174,85,28.1,Class I,39.5,77.8,3,S6,Right Shank,0.972,0.031,0.143,0.18,0.35,-0.3,1.12,0.1,9.85,-0.14,34.2,19.7,1.09,54.5,0.034,2.39,2.92,High,Deviation,Maintain balance
2.512,P157,16,M,162,84,32.0,Class II,25.1,92.6,3,S1,Lower Back,0.971,0.048,0.143,0.19,0.43,-0.32,1.03,0.12,9.77,-0.09,30.7,11.5,1.13,50.6,0.032,2.68,1.74,High,Slight Deviation,Reduce angular velocity
2.528,P158,17,M,159,93,36.8,Class III,39.3,89.4,1,S2,Left Thigh,0.977,0.042,0.145,0.186,0.31,-0.33,1.19,0.26,9.78,-0.06,28.6,17.3,1.07,51.2,0.038,2.46,5.77,Low,Optimal,Reduce angular velocity
2.544,P159,13,F,174,89,29.4,Class I,34.6,94.3,2,S3,Right Leg,0.978,0.049,0.147,0.195,0.42,-0.3,1.1,0.25,9.81,-0.11,32.6,10.0,1.06,48.6,0.025,2.47,4.39,Medium,Optimal,Adjust torso angle
2.56,P160,15,M,167,72,25.8,Class I,38.0,76.9,2,S4,Left Arm,0.96,0.039,0.148,0.18,0.43,-0.32,1.01,0.28,9.7,-0.12,27.6,16.0,1.12,52.3,0.035,2.51,5.45,Low,Optimal,Adjust torso angle
2.576,P161,15,M,157,96,38.9,Class III,31.8,92.4,2,S5,Left Thigh,0.973,0.047,0.154,0.192,0.33,-0.32,1.13,0.27,9.75,-0.09,31.9,19.2,1.1,50.0,0.036,2.63,4.54,Medium,Optimal,Maintain posture
2.592,P162,13,M,157,93,37.7,Class III,32.7,91.8,3,S6,Right Shank,0.961,0.031,0.141,0.199,0.36,-0.3,1.05,0.24,9.74,-0.06,25.4,12.9,1.12,49.1,0.036,2.36,3.11,High,Optimal,Correct limb orientation
2.608,P163,17,M,156,71,29.2,Class I,32.3,91.8,2,S1,Lower Back,0.971,0.037,0.141,0.183,0.32,-0.34,1.16,0.11,9.75,-0.07,33.4,11.9,1.06,51.8,0.038,2.27,3.81,High,Optimal,Adjust torso angle
2.624,P164,13,F,157,68,27.6,Class I,35.0,93.1,1,S2,Lower Back,0.966,0.031,0.148,0.189,0.41,-0.26,1.16,0.26,9.86,-0.05,29.5,16.5,1.07,51.7,0.036,2.53,4.54,Low,Slight Deviation,Maintain posture
2.64,P165,15,F,163,85,32.0,Class II,27.1,95.3,1,S3,Left Arm,0.966,0.05,0.154,0.182,0.38,-0.26,1.2,0.27,9.76,-0.15,31.4,17.1,1.02,48.5,0.039,2.4,5.82,Low,Optimal,Reduce angular velocity
2.656,P166,14,M,168,78,27.6,Class I,25.4,99.1,3,S4,Lower Back,0.967,0.046,0.144,0.193,0.4,-0.28,1.1,0.26,9.74,-0.14,27.2,16.9,1.01,52.9,0.03,2.47,2.64,Medium,Optimal,Maintain posture
2.672,P167,16,F,178,89,28.1,Class I,29.6,83.1,4,S5,Lower Back,0.972,0.047,0.153,0.191,0.33,-0.34,1.09,0.2,9.8,-0.09,31.8,13.2,1.05,52.4,0.033,2.59,5.44,Medium,Optimal,Maintain posture
2.688,P168,15,M,155,98,40.8,Class III,35.6,99.8,3,S6,Left Thigh,0.967,0.049,0.145,0.188,0.33,-0.27,1.15,0.15,9.87,-0.07,32.7,12.5,1.01,49.3,0.025,2.5,5.66,Medium,Optimal,Maintain posture
2.704,P169,13,M,150,99,44.0,Class III,28.0,89.9,4,S1,Right Leg,0.975,0.032,0.158,0.19,0.31,-0.27,1.03,0.27,9.75,-0.12,29.7,19.6,1.02,51.3,0.025,2.57,4.52,Low,Slight Deviation,Maintain posture
2.72,P170,16,M,172,88,29.7,Class I,35.1,77.3,2,S2,Left Arm,0.968,0.038,0.158,0.198,0.35,-0.27,1.11,0.25,9.72,-0.13,31.2,19.2,1.16,53.0,0.029,2.53,5.69,High,Deviation,Adjust torso angle
2.736,P171,13,F,164,57,21.2,Normal,39.5,76.8,3,S3,Left Thigh,0.961,0.031,0.146,0.184,0.38,-0.34,1.11,0.3,9.77,-0.07,29.6,14.6,1.01,51.7,0.027,2.64,3.29,Low,Deviation,Correct limb orientation
2.752,P172,13,F,150,91,40.4,Class III,26.4,85.0,1,S4,Right Leg,0.976,0.034,0.145,0.18,0.43,-0.29,1.02,0.13,9.85,-0.14,33.9,18.5,1.13,50.8,0.029,2.62,5.79,High,Deviation,Maintain posture
2.768,P173,14,F,174,97,32.0,Class II,35.1,98.5,2,S5,Left Thigh,0.966,0.035,0.148,0.197,0.4,-0.27,1.08,0.15,9.81,-0.11,30.0,14.5,1.05,50.3,0.028,2.52,4.66,Low,Deviation,Maintain balance
2.784,P174,16,F,166,94,34.1,Class II,31.7,96.2,1,S6,Upper Arm,0.969,0.039,0.145,0.192,0.37,-0.29,1.17,0.14,9.86,-0.1,33.4,14.2,1.17,52.3,0.025,2.61,1.69,Low,Optimal,Reduce angular velocity
2.8,P175,16,F,150,80,35.6,Class III,38.0,98.7,2,S1,Left Thigh,0.974,0.035,0.153,0.198,0.44,-0.29,1.17,0.26,9.89,-0.09,33.0,11.6,1.1,54.6,0.039,2.72,5.58,Medium,Deviation,Reduce angular velocity
2.816,P176,14,F,164,77,28.6,Class I,27.7,90.5,3,S2,Lower Back,0.967,0.032,0.157,0.192,0.41,-0.3,1.02,0.14,9.86,-0.08,29.1,14.3,1.06,52.7,0.025,2.46,3.68,High,Deviation,Reduce angular velocity
2.832,P177,15,F,172,98,33.1,Class II,35.4,88.2,4,S3,Right Leg,0.961,0.033,0.153,0.196,0.44,-0.3,1.02,0.11,9.82,-0.11,27.3,15.4,1.1,48.5,0.036,2.45,3.57,Low,Slight Deviation,Reduce angular velocity
2.848,P178,13,F,151,93,40.8,Class III,37.6,79.4,2,S4,Left Arm,0.967,0.033,0.156,0.189,0.38,-0.35,1.05,0.3,9.8,-0.09,29.1,10.2,1.08,51.2,0.027,2.66,4.05,Low,Slight Deviation,Reduce angular velocity
2.864,P179,17,F,163,69,26.0,Class I,39.2,84.8,4,S5,Left Arm,0.979,0.049,0.148,0.195,0.34,-0.29,1.17,0.1,9.71,-0.09,33.3,14.4,1.11,54.2,0.039,2.55,2.17,High,Slight Deviation,Maintain posture
2.88,P180,13,M,170,58,20.1,Normal,35.2,88.0,2,S6,Right Leg,0.973,0.045,0.143,0.198,0.31,-0.34,1.03,0.27,9.9,-0.1,27.3,17.8,1.02,48.7,0.038,2.24,3.61,Low,Optimal,Correct limb orientation
2.896,P181,13,F,157,83,33.7,Class II,32.5,77.7,1,S1,Lower Back,0.973,0.049,0.155,0.191,0.41,-0.31,1.14,0.17,9.78,-0.09,30.2,16.8,1.2,54.9,0.035,2.74,5.24,High,Optimal,Maintain balance
2.912,P182,15,F,157,76,30.8,Class II,34.3,81.6,1,S2,Right Shank,0.973,0.039,0.147,0.184,0.32,-0.32,1.02,0.27,9.73,-0.12,33.1,16.4,1.09,54.6,0.035,2.22,1.57,Medium,Optimal,Adjust torso angle
2.928,P183,13,F,168,79,28.0,Class I,38.0,92.9,2,S3,Left Thigh,0.964,0.036,0.153,0.185,0.35,-0.3,1.12,0.21,9.83,-0.14,28.5,19.1,1.07,48.5,0.025,2.65,2.73,Medium,Slight Deviation,Maintain balance
2.944,P184,14,F,156,67,27.5,Class I,33.6,97.1,4,S4,Lower Back,0.968,0.046,0.145,0.184,0.38,-0.34,1.07,0.28,9.76,-0.14,31.4,10.2,1.14,54.5,0.04,2.66,1.51,High,Deviation,Adjust torso angle
2.96,P185,14,F,168,72,25.5,Class I,25.5,105.0,3,S5,Upper Arm,0.975,0.037,0.142,0.185,0.38,-0.28,1.16,0.29,9.82,-0.13,27.5,15.6,1.07,50.5,0.038,2.77,3.37,Medium,Slight Deviation,Adjust torso angle
2.976,P186,16,F,155,87,36.2,Class III,39.0,103.0,3,S6,Right Leg,0.962,0.036,0.16,0.186,0.39,-0.27,1.05,0.1,9.82,-0.1,26.1,17.9,1.17,53.9,0.038,2.23,4.78,High,Optimal,Maintain balance
2.992,P187,17,F,155,70,29.1,Class I,35.3,94.3,1,S1,Left Thigh,0.966,0.035,0.143,0.191,0.32,-0.33,1.13,0.12,9.79,-0.07,32.9,15.4,1.09,50.9,0.035,2.56,5.09,Low,Slight Deviation,Maintain posture
3.008,P188,13,F,152,99,42.8,Class III,35.1,87.6,3,S2,Left Arm,0.966,0.033,0.16,0.192,0.36,-0.34,1.05,0.15,9.87,-0.08,26.0,13.2,1.14,51.1,0.03,2.46,5.75,Low,Deviation,Reduce angular velocity
3.024,P189,13,F,156,96,39.4,Class III,28.2,94.1,1,S3,Right Shank,0.969,0.035,0.16,0.189,0.39,-0.34,1.14,0.23,9.75,-0.07,27.7,11.4,1.02,52.4,0.038,2.4,4.24,High,Optimal,Maintain posture
3.04,P190,15,F,168,98,34.7,Class II,34.9,98.6,3,S4,Upper Arm,0.98,0.037,0.156,0.192,0.45,-0.26,1.17,0.28,9.79,-0.11,33.6,18.9,1.17,53.4,0.029,2.25,2.65,Low,Deviation,Reduce angular velocity
3.056,P191,14,F,157,56,22.7,Normal,30.9,78.6,2,S5,Left Arm,0.961,0.043,0.153,0.182,0.41,-0.3,1.03,0.19,9.81,-0.11,28.5,14.7,1.15,48.2,0.033,2.54,5.66,Medium,Deviation,Correct limb orientation
3.072,P192,17,M,159,89,35.2,Class III,34.8,87.3,1,S6,Right Leg,0.97,0.031,0.152,0.182,0.44,-0.3,1.17,0.22,9.83,-0.11,34.7,18.8,1.04,52.2,0.026,2.49,4.99,Low,Optimal,Adjust torso angle
3.088,P193,16,M,169,96,33.6,Class II,26.6,100.2,1,S1,Left Thigh,0.964,0.034,0.157,0.183,0.41,-0.34,1.12,0.14,9.86,-0.13,34.8,15.9,1.03,49.3,0.039,2.26,4.08,Low,Deviation,Maintain balance
3.104,P194,14,F,164,88,32.7,Class II,34.9,86.5,2,S2,Right Leg,0.979,0.046,0.146,0.19,0.39,-0.29,1.03,0.26,9.78,-0.14,27.7,16.7,1.06,50.4,0.027,2.57,4.63,High,Slight Deviation,Correct limb orientation
3.12,P195,16,F,164,84,31.2,Class II,40.0,92.2,1,S3,Left Thigh,0.962,0.033,0.149,0.184,0.33,-0.26,1.09,0.29,9.83,-0.09,25.4,18.0,1.2,50.4,0.028,2.64,5.66,Medium,Deviation,Reduce angular velocity
3.136,P196,15,M,178,67,21.1,Normal,25.7,92.6,3,S4,Lower Back,0.968,0.037,0.152,0.186,0.4,-0.27,1.03,0.15,9.73,-0.05,32.1,16.6,1.05,51.3,0.033,2.66,4.71,Low,Deviation,Maintain posture
3.152,P197,15,F,150,67,29.8,Class I,39.7,80.5,3,S5,Right Shank,0.975,0.047,0.148,0.188,0.39,-0.29,1.14,0.2,9.89,-0.13,29.5,14.0,1.09,50.3,0.036,2.74,3.16,Low,Deviation,Maintain balance
3.168,P198,13,M,169,72,25.2,Class I,31.1,85.9,1,S6,Lower Back,0.974,0.033,0.149,0.196,0.39,-0.34,1.15,0.12,9.78,-0.15,26.0,15.1,1.01,48.8,0.034,2.45,4.71,High,Slight Deviation,Adjust torso angle
3.184,P199,17,M,179,86,26.8,Class I,38.1,85.0,3,S1,Lower Back,0.968,0.032,0.147,0.18,0.37,-0.34,1.02,0.21,9.85,-0.07,32.1,18.0,1.08,49.0,0.028,2.77,1.68,High,Deviation,Correct limb orientation
3.2,P200,16,M,156,86,35.3,Class III,36.7,75.8,4,S2,Right Leg,0.967,0.04,0.151,0.193,0.38,-0.35,1.1,0.2,9.7,-0.12,25.3,13.7,1.11,48.2,0.025,2.72,3.24,Medium,Deviation,Adjust torso angle
3.216,P201,14,M,176,89,28.7,Class I,33.5,75.7,1,S3,Right Shank,0.968,0.036,0.157,0.193,0.35,-0.32,1.16,0.13,9.74,-0.07,33.7,13.9,1.19,51.3,0.036,2.38,3.33,Low,Slight Deviation,Reduce angular velocity
3.232,P202,15,M,153,93,39.7,Class III,36.1,100.0,2,S4,Left Thigh,0.965,0.041,0.144,0.196,0.38,-0.34,1.19,0.19,9.8,-0.08,26.4,11.0,1.1,54.7,0.04,2.3,2.25,High,Optimal,Adjust torso angle
3.248,P203,13,F,178,83,26.2,Class I,38.2,83.2,4,S5,Left Thigh,0.964,0.046,0.159,0.199,0.33,-0.32,1.1,0.17,9.88,-0.06,26.3,19.1,1.16,48.8,0.037,2.46,1.6,High,Optimal,Maintain posture
3.264,P204,13,M,155,83,34.5,Class II,31.1,90.5,1,S6,Upper Arm,0.97,0.033,0.154,0.18,0.42,-0.31,1.19,0.2,9.81,-0.11,26.8,10.9,1.11,54.6,0.032,2.44,2.1,High,Optimal,Correct limb orientation
3.28,P205,16,F,174,98,32.4,Class II,29.9,84.0,2,S1,Left Arm,0.965,0.042,0.156,0.183,0.33,-0.26,1.11,0.22,9.89,-0.08,34.6,16.5,1.01,53.1,0.039,2.55,4.45,Medium,Deviation,Correct limb orientation
3.296,P206,15,F,150,70,31.1,Class II,35.0,103.2,3,S2,Upper Arm,0.966,0.04,0.151,0.198,0.31,-0.29,1.08,0.1,9.8,-0.1,31.9,14.1,1.06,52.5,0.031,2.55,5.11,High,Optimal,Maintain posture
3.312,P207,17,M,178,98,30.9,Class II,37.1,82.8,2,S3,Upper Arm,0.973,0.033,0.156,0.189,0.37,-0.27,1.17,0.25,9.8,-0.09,33.0,14.1,1.12,52.5,0.033,2.65,5.95,Medium,Slight Deviation,Adjust torso angle
3.328,P208,15,M,154,64,27.0,Class I,36.4,87.9,4,S4,Left Thigh,0.979,0.042,0.14,0.191,0.4,-0.28,1.1,0.24,9.72,-0.11,29.0,16.8,1.19,53.8,0.032,2.51,3.06,Medium,Deviation,Maintain posture
3.344,P209,16,F,176,84,27.1,Class I,37.0,101.2,3,S5,Right Leg,0.972,0.035,0.156,0.193,0.37,-0.34,1.09,0.17,9.86,-0.13,28.4,10.7,1.17,48.7,0.032,2.26,4.2,Low,Deviation,Maintain balance
3.36,P210,16,M,172,79,26.7,Class I,31.5,100.3,1,S6,Lower Back,0.962,0.04,0.141,0.194,0.34,-0.28,1.1,0.11,9.75,-0.1,27.3,15.9,1.05,51.5,0.037,2.71,5.72,Low,Deviation,Maintain posture
3.376,P211,15,M,150,93,41.3,Class III,37.3,80.6,3,S1,Lower Back,0.962,0.032,0.158,0.199,0.38,-0.32,1.17,0.25,9.88,-0.1,29.8,17.7,1.04,52.9,0.033,2.39,2.25,Medium,Optimal,Adjust torso angle
3.392,P212,16,F,179,74,23.1,Normal,26.8,99.1,1,S2,Lower Back,0.979,0.039,0.16,0.2,0.35,-0.29,1.17,0.29,9.88,-0.07,30.5,18.3,1.04,52.1,0.03,2.78,4.73,Low,Optimal,Maintain posture
3.408,P213,15,F,153,59,25.2,Class I,33.2,88.7,1,S3,Right Shank,0.966,0.036,0.146,0.194,0.44,-0.32,1.08,0.15,9.89,-0.08,31.3,11.7,1.18,53.8,0.029,2.27,4.9,Low,Optimal,Reduce angular velocity
3.424,P214,14,M,171,55,18.8,Normal,25.1,89.5,2,S4,Left Thigh,0.962,0.046,0.144,0.186,0.44,-0.25,1.07,0.16,9.8,-0.08,27.6,19.0,1.17,48.5,0.026,2.77,1.9,High,Deviation,Maintain posture
3.44,P215,15,F,151,84,36.8,Class III,29.9,79.0,2,S5,Right Leg,0.972,0.031,0.155,0.198,0.38,-0.32,1.1,0.14,9.84,-0.14,34.5,16.6,1.15,52.8,0.034,2.25,5.38,Low,Slight Deviation,Maintain posture
3.456,P216,15,M,159,57,22.5,Normal,30.5,77.4,2,S6,Right Shank,0.972,0.038,0.145,0.181,0.35,-0.32,1.11,0.22,9.86,-0.08,26.7,18.8,1.08,51.7,0.028,2.34,5.16,Medium,Deviation,Adjust torso angle
3.472,P217,16,M,154,99,41.7,Class III,30.9,96.8,4,S1,Left Arm,0.973,0.039,0.157,0.185,0.41,-0.26,1.05,0.13,9.73,-0.1,34.7,14.9,1.1,50.7,0.027,2.23,1.65,Low,Slight Deviation,Maintain balance
3.488,P218,16,M,176,68,22.0,Normal,35.4,89.9,4,S2,Right Leg,0.965,0.045,0.142,0.198,0.31,-0.35,1.16,0.17,9.82,-0.06,25.1,15.4,1.09,50.4,0.035,2.62,1.91,High,Deviation,Maintain balance
3.504,P219,13,F,159,84,33.2,Class II,30.8,88.1,2,S3,Upper Arm,0.96,0.041,0.143,0.185,0.37,-0.28,1.1,0.24,9.71,-0.06,29.8,19.2,1.05,52.3,0.035,2.71,1.72,Medium,Slight Deviation,Adjust torso angle
3.52,P220,13,F,150,58,25.8,Class I,31.7,96.9,4,S4,Right Leg,0.979,0.043,0.16,0.184,0.35,-0.28,1.07,0.21,9.8,-0.14,28.3,19.0,1.1,54.2,0.036,2.46,3.01,Low,Deviation,Adjust torso angle
3.536,P221,14,F,171,72,24.6,Normal,28.6,98.0,3,S5,Right Leg,0.965,0.046,0.153,0.183,0.44,-0.27,1.02,0.18,9.73,-0.07,29.5,14.5,1.01,51.5,0.033,2.76,3.79,Medium,Deviation,Adjust torso angle
3.552,P222,13,F,155,91,37.9,Class III,30.6,79.8,3,S6,Lower Back,0.974,0.047,0.157,0.197,0.3,-0.25,1.05,0.18,9.74,-0.15,30.7,12.7,1.03,53.8,0.038,2.55,3.9,Low,Slight Deviation,Reduce angular velocity
3.568,P223,15,F,162,79,30.1,Class II,28.4,93.3,4,S1,Right Leg,0.974,0.036,0.146,0.19,0.38,-0.25,1.19,0.21,9.77,-0.11,29.4,13.9,1.18,50.8,0.039,2.58,2.7,High,Slight Deviation,Correct limb orientation
3.584,P224,16,M,164,55,20.4,Normal,26.1,79.1,4,S2,Upper Arm,0.972,0.041,0.154,0.193,0.41,-0.34,1.06,0.1,9.79,-0.1,29.1,13.9,1.15,48.7,0.037,2.71,5.6,Low,Slight Deviation,Maintain posture
3.6,P225,13,M,153,69,29.5,Class I,34.1,97.5,3,S3,Upper Arm,0.966,0.047,0.152,0.185,0.37,-0.27,1.03,0.12,9.82,-0.14,32.3,12.9,1.08,48.4,0.035,2.38,3.16,Medium,Slight Deviation,Adjust torso angle
3.616,P226,13,M,162,63,24.0,Normal,35.0,94.7,1,S4,Left Thigh,0.965,0.05,0.152,0.195,0.31,-0.29,1.09,0.28,9.71,-0.08,31.9,12.7,1.1,48.4,0.03,2.41,1.7,Medium,Slight Deviation,Adjust torso angle
3.632,P227,14,M,173,69,23.1,Normal,34.3,103.7,3,S5,Right Leg,0.972,0.048,0.154,0.195,0.45,-0.29,1.06,0.12,9.8,-0.15,33.3,18.6,1.07,50.7,0.04,2.74,2.85,Medium,Slight Deviation,Adjust torso angle
3.648,P228,14,F,169,78,27.3,Class I,32.0,77.1,3,S6,Lower Back,0.977,0.037,0.152,0.186,0.38,-0.34,1.01,0.24,9.74,-0.13,27.5,10.7,1.15,50.4,0.029,2.74,3.89,Low,Slight Deviation,Maintain balance
3.664,P229,15,M,173,58,19.4,Normal,30.7,76.7,4,S1,Right Leg,0.979,0.034,0.149,0.188,0.39,-0.28,1.06,0.28,9.81,-0.09,31.1,16.8,1.16,53.0,0.028,2.79,3.34,Low,Slight Deviation,Adjust torso angle
3.68,P230,16,F,164,66,24.5,Normal,38.0,83.5,3,S2,Left Arm,0.962,0.04,0.146,0.184,0.34,-0.25,1.11,0.15,9.83,-0.08,30.9,11.7,1.15,53.2,0.032,2.74,2.73,Low,Deviation,Maintain posture
3.696,P231,14,M,178,91,28.7,Class I,32.8,82.9,4,S3,Left Arm,0.963,0.045,0.155,0.2,0.37,-0.26,1.11,0.17,9.81,-0.06,28.7,13.4,1.14,48.4,0.026,2.28,2.09,High,Slight Deviation,Adjust torso angle
3.712,P232,13,F,157,91,36.9,Class III,32.2,82.4,4,S4,Lower Back,0.979,0.04,0.145,0.193,0.36,-0.31,1.07,0.21,9.85,-0.08,29.9,10.6,1.04,49.5,0.04,2.69,5.19,High,Slight Deviation,Maintain posture
3.728,P233,16,F,154,97,40.9,Class III,25.4,102.2,2,S5,Left Thigh,0.975,0.04,0.154,0.199,0.31,-0.35,1.09,0.28,9.77,-0.08,28.1,12.7,1.07,49.9,0.034,2.45,5.98,High,Deviation,Reduce angular velocity
3.744,P234,16,M,178,60,18.9,Normal,30.1,82.5,3,S6,Left Thigh,0.978,0.047,0.145,0.186,0.32,-0.31,1.19,0.29,9.85,-0.11,26.4,17.7,1.09,51.8,0.033,2.79,2.98,Medium,Deviation,Correct limb orientation
3.76,P235,13,M,164,93,34.6,Class II,30.7,83.2,1,S1,Upper Arm,0.964,0.037,0.153,0.196,0.43,-0.27,1.08,0.25,9.79,-0.15,27.1,18.9,1.07,49.0,0.035,2.48,3.22,Medium,Optimal,Maintain balance
3.776,P236,14,M,153,78,33.3,Class II,31.0,97.8,2,S2,Upper Arm,0.972,0.047,0.155,0.195,0.34,-0.28,1.05,0.12,9.8,-0.14,26.1,12.2,1.15,48.9,0.032,2.53,4.28,Medium,Optimal,Maintain posture
3.792,P237,13,M,161,65,25.1,Class I,33.7,88.5,4,S3,Right Shank,0.974,0.038,0.144,0.194,0.33,-0.3,1.05,0.23,9.83,-0.1,31.8,14.6,1.07,54.6,0.025,2.52,4.73,Medium,Slight Deviation,Reduce angular velocity
3.808,P238,16,F,162,67,25.5,Class I,33.0,98.3,4,S4,Lower Back,0.974,0.037,0.141,0.199,0.38,-0.34,1.09,0.18,9.7,-0.08,31.6,14.7,1.03,53.6,0.034,2.39,3.26,Medium,Slight Deviation,Correct limb orientation
3.824,P239,17,M,151,88,38.6,Class III,34.1,77.0,1,S5,Right Leg,0.968,0.039,0.143,0.188,0.42,-0.31,1.15,0.19,9.83,-0.11,34.5,18.7,1.08,49.3,0.036,2.25,5.57,Low,Optimal,Correct limb orientation
3.84,P240,17,M,176,79,25.5,Class I,36.5,89.6,4,S6,Lower Back,0.96,0.045,0.152,0.183,0.31,-0.3,1.04,0.11,9.82,-0.08,32.3,17.6,1.2,50.8,0.031,2.74,4.02,Medium,Optimal,Correct limb orientation
3.856,P241,15,F,168,61,21.6,Normal,37.2,76.0,3,S1,Right Shank,0.972,0.033,0.157,0.193,0.39,-0.26,1.14,0.14,9.76,-0.1,25.5,15.1,1.05,50.5,0.036,2.68,3.53,Low,Slight Deviation,Maintain posture
3.872,P242,13,M,168,58,20.5,Normal,35.8,76.9,2,S2,Upper Arm,0.965,0.034,0.141,0.195,0.32,-0.29,1.0,0.26,9.72,-0.14,33.8,16.7,1.12,53.5,0.028,2.28,4.41,High,Optimal,Reduce angular velocity
3.888,P243,13,M,153,62,26.5,Class I,39.3,102.2,4,S3,Lower Back,0.969,0.049,0.155,0.192,0.31,-0.32,1.08,0.19,9.72,-0.13,33.6,18.5,1.09,51.6,0.028,2.67,5.79,High,Slight Deviation,Adjust torso angle
3.904,P244,15,M,153,74,31.6,Class II,25.3,79.2,4,S4,Lower Back,0.979,0.034,0.147,0.184,0.31,-0.3,1.16,0.16,9.88,-0.07,29.4,10.1,1.01,48.9,0.027,2.58,5.08,High,Deviation,Reduce angular velocity
3.92,P245,15,M,175,83,27.1,Class I,27.9,91.0,1,S5,Upper Arm,0.968,0.041,0.15,0.19,0.43,-0.34,1.07,0.18,9.84,-0.08,30.9,14.0,1.1,53.2,0.031,2.45,1.68,High,Deviation,Reduce angular velocity
3.936,P246,15,M,160,99,38.7,Class III,25.1,87.3,3,S6,Right Shank,0.977,0.042,0.159,0.186,0.32,-0.25,1.11,0.27,9.73,-0.06,34.8,19.1,1.14,50.8,0.038,2.35,3.0,High,Optimal,Reduce angular velocity
3.952,P247,16,F,176,64,20.7,Normal,34.7,85.4,4,S1,Upper Arm,0.964,0.04,0.147,0.189,0.31,-0.31,1.04,0.25,9.77,-0.14,30.3,17.4,1.1,49.8,0.037,2.72,3.62,Medium,Deviation,Maintain posture
3.968,P248,13,M,154,97,40.9,Class III,38.5,102.0,1,S2,Left Thigh,0.973,0.043,0.149,0.193,0.37,-0.3,1.15,0.15,9.82,-0.05,34.1,15.4,1.17,50.6,0.031,2.62,2.92,Medium,Deviation,Maintain posture
3.984,P249,16,M,169,88,30.8,Class II,28.7,75.7,4,S3,Right Leg,0.98,0.035,0.14,0.195,0.43,-0.31,1.01,0.12,9.87,-0.13,25.8,15.3,1.06,51.5,0.034,2.53,4.65,Medium,Deviation,Maintain posture
4.0,P250,15,M,160,80,31.2,Class II,38.9,94.9,1,S4,Upper Arm,0.962,0.041,0.142,0.185,0.34,-0.28,1.17,0.15,9.71,-0.15,26.9,13.5,1.02,50.4,0.036,2.57,5.22,High,Deviation,Reduce angular velocity
4.016,P251,13,M,179,95,29.6,Class I,25.9,103.9,1,S5,Right Shank,0.96,0.037,0.145,0.188,0.36,-0.28,1.04,0.28,9.75,-0.05,29.4,15.2,1.19,49.7,0.029,2.25,4.79,High,Slight Deviation,Maintain posture
4.032,P252,16,M,159,57,22.5,Normal,39.0,91.8,3,S6,Left Arm,0.969,0.043,0.141,0.185,0.31,-0.28,1.17,0.22,9.88,-0.12,30.8,16.6,1.08,50.8,0.028,2.48,5.95,Low,Slight Deviation,Correct limb orientation
4.048,P253,16,F,157,60,24.3,Normal,30.3,103.1,4,S1,Left Thigh,0.962,0.033,0.153,0.184,0.37,-0.32,1.07,0.21,9.7,-0.08,33.2,14.2,1.12,48.1,0.04,2.32,2.73,Medium,Optimal,Maintain posture
4.064,P254,15,M,155,59,24.6,Normal,26.5,76.6,3,S2,Left Arm,0.975,0.041,0.149,0.196,0.39,-0.32,1.14,0.22,9.74,-0.13,34.9,17.1,1.16,53.4,0.034,2.33,5.44,High,Deviation,Maintain balance
4.08,P255,13,F,155,59,24.6,Normal,32.3,87.6,1,S3,Upper Arm,0.978,0.034,0.151,0.198,0.39,-0.34,1.06,0.17,9.89,-0.09,28.9,18.6,1.06,49.2,0.04,2.6,4.95,High,Deviation,Maintain posture
4.096,P256,15,F,157,77,31.2,Class II,28.9,82.8,2,S4,Left Thigh,0.969,0.036,0.143,0.187,0.35,-0.28,1.18,0.26,9.82,-0.06,25.5,11.5,1.14,48.3,0.03,2.75,3.13,High,Deviation,Maintain posture
4.112,P257,13,M,172,63,21.3,Normal,29.3,96.9,4,S5,Right Leg,0.965,0.034,0.146,0.195,0.35,-0.35,1.03,0.2,9.75,-0.12,33.0,14.5,1.03,52.6,0.036,2.44,4.8,Low,Optimal,Maintain posture
4.128,P258,17,M,164,89,33.1,Class II,29.6,104.4,2,S6,Upper Arm,0.969,0.034,0.153,0.198,0.32,-0.29,1.04,0.12,9.71,-0.08,31.0,14.1,1.06,53.4,0.028,2.32,1.97,High,Slight Deviation,Maintain posture
4.144,P259,14,M,175,74,24.2,Normal,37.0,82.7,4,S1,Right Leg,0.974,0.047,0.159,0.197,0.36,-0.26,1.1,0.13,9.71,-0.13,27.0,16.9,1.03,53.7,0.029,2.59,5.05,Low,Deviation,Maintain balance
4.16,P260,14,M,163,96,36.1,Class III,33.1,94.6,3,S2,Lower Back,0.96,0.036,0.141,0.184,0.31,-0.26,1.02,0.21,9.75,-0.09,29.9,12.5,1.16,51.5,0.033,2.72,3.9,Low,Slight Deviation,Adjust torso angle
4.176,P261,14,F,160,89,34.8,Class II,29.7,80.9,3,S3,Left Arm,0.972,0.049,0.158,0.199,0.41,-0.31,1.04,0.29,9.88,-0.12,32.4,16.4,1.04,49.4,0.03,2.65,2.82,Medium,Optimal,Maintain posture
4.192,P262,15,M,161,72,27.8,Class I,34.2,92.0,3,S4,Left Thigh,0.972,0.049,0.152,0.188,0.44,-0.3,1.19,0.16,9.78,-0.13,32.7,18.8,1.14,53.2,0.028,2.72,4.45,High,Slight Deviation,Correct limb orientation
4.208,P263,17,M,175,71,23.2,Normal,35.7,88.9,3,S5,Right Leg,0.973,0.041,0.151,0.187,0.45,-0.34,1.2,0.27,9.84,-0.12,30.0,14.2,1.19,52.9,0.029,2.52,4.39,Low,Deviation,Maintain balance
4.224,P264,13,M,162,78,29.7,Class I,29.1,104.2,3,S6,Right Shank,0.965,0.033,0.15,0.181,0.43,-0.28,1.08,0.25,9.88,-0.13,28.1,19.1,1.11,49.7,0.026,2.65,2.44,High,Slight Deviation,Adjust torso angle
4.24,P265,16,M,157,57,23.1,Normal,31.2,93.3,2,S1,Right Leg,0.974,0.037,0.141,0.19,0.39,-0.27,1.18,0.15,9.78,-0.06,34.7,19.9,1.11,54.3,0.036,2.28,1.64,Medium,Slight Deviation,Maintain posture
4.256,P266,13,M,179,86,26.8,Class I,26.8,85.5,3,S2,Right Shank,0.962,0.046,0.142,0.182,0.41,-0.33,1.11,0.11,9.74,-0.11,31.6,11.1,1.09,48.7,0.032,2.41,3.45,Medium,Optimal,Adjust torso angle
4.272,P267,16,M,167,89,31.9,Class II,27.7,78.4,1,S3,Upper Arm,0.964,0.037,0.152,0.185,0.34,-0.31,1.05,0.12,9.8,-0.13,29.1,12.3,1.07,54.9,0.026,2.43,4.06,Low,Optimal,Correct limb orientation
4.288,P268,13,F,174,92,30.4,Class II,35.2,79.5,1,S4,Left Thigh,0.978,0.032,0.147,0.186,0.39,-0.27,1.14,0.25,9.88,-0.11,27.8,19.5,1.1,54.0,0.028,2.51,5.44,Medium,Optimal,Maintain balance
4.304,P269,17,F,150,67,29.8,Class I,27.7,81.8,2,S5,Right Leg,0.975,0.041,0.158,0.196,0.37,-0.26,1.13,0.14,9.86,-0.12,32.3,19.6,1.12,52.8,0.027,2.76,5.68,Medium,Optimal,Maintain balance
4.32,P270,16,M,164,79,29.4,Class I,32.9,82.5,4,S6,Right Leg,0.96,0.047,0.148,0.198,0.37,-0.33,1.2,0.17,9.71,-0.08,27.4,11.0,1.2,54.6,0.034,2.72,3.88,Medium,Slight Deviation,Adjust torso angle
4.336,P271,15,M,157,63,25.6,Class I,35.6,100.5,1,S1,Left Thigh,0.965,0.046,0.143,0.186,0.41,-0.29,1.05,0.2,9.84,-0.05,26.7,10.1,1.19,53.1,0.026,2.28,4.89,High,Slight Deviation,Maintain posture
4.352,P272,13,M,177,58,18.5,Normal,26.6,91.8,4,S2,Right Leg,0.964,0.034,0.154,0.197,0.34,-0.33,1.13,0.25,9.81,-0.11,30.3,11.6,1.17,49.3,0.036,2.3,3.48,High,Optimal,Reduce angular velocity
4.368,P273,13,F,160,68,26.6,Class I,33.5,90.7,2,S3,Right Shank,0.965,0.043,0.146,0.197,0.35,-0.34,1.01,0.12,9.88,-0.06,27.9,20.0,1.18,51.1,0.025,2.41,4.86,Low,Optimal,Maintain balance
4.384,P274,16,M,161,91,35.1,Class III,28.8,78.4,4,S4,Right Leg,0.965,0.034,0.151,0.195,0.44,-0.26,1.02,0.18,9.72,-0.09,31.3,11.8,1.09,48.5,0.029,2.37,2.42,Low,Deviation,Reduce angular velocity
4.4,P275,15,F,161,88,33.9,Class II,39.4,100.8,4,S5,Left Arm,0.961,0.034,0.154,0.183,0.31,-0.27,1.0,0.2,9.81,-0.13,26.2,15.0,1.13,50.7,0.038,2.57,3.17,Medium,Deviation,Maintain balance
4.416,P276,15,M,153,65,27.8,Class I,32.3,96.7,4,S6,Upper Arm,0.969,0.047,0.158,0.194,0.37,-0.27,1.2,0.21,9.88,-0.08,31.5,18.5,1.18,53.2,0.036,2.74,4.35,Medium,Optimal,Maintain posture
4.432,P277,17,M,165,95,34.9,Class II,37.1,77.0,4,S1,Lower Back,0.975,0.035,0.156,0.199,0.44,-0.35,1.16,0.26,9.78,-0.1,27.8,10.2,1.08,50.7,0.026,2.78,1.58,Low,Slight Deviation,Maintain posture
4.448,P278,15,M,153,57,24.3,Normal,33.3,96.2,2,S2,Right Shank,0.972,0.035,0.154,0.194,0.39,-0.27,1.16,0.13,9.8,-0.08,25.0,16.0,1.19,50.3,0.037,2.59,4.75,Medium,Optimal,Maintain balance
4.464,P279,15,M,154,82,34.6,Class II,25.7,91.3,1,S3,Left Arm,0.973,0.03,0.154,0.187,0.38,-0.31,1.1,0.26,9.71,-0.06,26.3,12.8,1.08,52.2,0.032,2.7,5.26,Low,Slight Deviation,Adjust torso angle
4.48,P280,15,F,173,83,27.7,Class I,34.5,77.5,3,S4,Upper Arm,0.962,0.047,0.159,0.19,0.34,-0.32,1.06,0.24,9.76,-0.11,34.3,18.6,1.12,54.1,0.038,2.52,3.3,High,Slight Deviation,Maintain posture
4.496,P281,14,F,154,63,26.6,Class I,39.3,88.7,4,S5,Left Thigh,0.979,0.046,0.146,0.193,0.35,-0.3,1.03,0.21,9.76,-0.06,33.7,12.8,1.14,48.3,0.034,2.32,3.52,Medium,Deviation,Maintain posture
4.512,P282,17,M,157,57,23.1,Normal,34.0,89.5,1,S6,Right Shank,0.977,0.043,0.14,0.19,0.43,-0.34,1.06,0.24,9.89,-0.07,27.3,16.9,1.19,50.7,0.035,2.51,5.33,Medium,Optimal,Correct limb orientation
4.528,P283,13,M,159,79,31.2,Class II,37.3,80.0,1,S1,Lower Back,0.976,0.045,0.145,0.182,0.38,-0.27,1.08,0.18,9.76,-0.1,32.8,16.7,1.05,49.1,0.04,2.53,4.99,Medium,Optimal,Maintain posture
4.544,P284,16,F,166,88,31.9,Class II,38.3,103.4,2,S2,Upper Arm,0.976,0.033,0.144,0.186,0.38,-0.29,1.15,0.13,9.79,-0.09,31.1,12.2,1.15,52.9,0.028,2.65,2.8,High,Slight Deviation,Correct limb orientation
4.56,P285,13,F,177,66,21.1,Normal,28.4,100.5,1,S3,Lower Back,0.979,0.039,0.153,0.196,0.31,-0.33,1.11,0.23,9.83,-0.12,34.7,10.3,1.1,48.7,0.034,2.33,2.96,High,Optimal,Maintain posture
4.576,P286,17,F,175,96,31.3,Class II,28.2,95.1,2,S4,Left Thigh,0.971,0.037,0.153,0.197,0.3,-0.33,1.02,0.2,9.73,-0.05,28.7,14.1,1.05,52.7,0.032,2.42,4.55,Medium,Deviation,Maintain posture
4.592,P287,16,F,158,63,25.2,Class I,34.2,88.9,4,S5,Left Thigh,0.964,0.032,0.152,0.183,0.44,-0.33,1.0,0.23,9.8,-0.08,31.8,12.9,1.16,50.0,0.026,2.42,4.03,Low,Deviation,Adjust torso angle
4.608,P288,17,M,171,69,23.6,Normal,31.2,87.4,4,S6,Right Shank,0.972,0.04,0.14,0.199,0.36,-0.34,1.02,0.17,9.85,-0.15,25.6,18.1,1.11,49.4,0.025,2.78,2.23,High,Optimal,Adjust torso angle
4.624,P289,15,F,168,94,33.3,Class II,37.6,94.5,3,S1,Right Leg,0.975,0.048,0.155,0.187,0.39,-0.29,1.08,0.28,9.87,-0.12,29.0,18.0,1.13,54.6,0.027,2.47,2.89,Medium,Optimal,Maintain posture
4.64,P290,16,M,178,79,24.9,Normal,38.5,91.4,3,S2,Left Thigh,0.975,0.031,0.146,0.193,0.31,-0.27,1.19,0.22,9.83,-0.09,34.6,14.6,1.06,48.1,0.035,2.65,5.55,Medium,Deviation,Maintain balance
4.656,P291,15,F,163,59,22.2,Normal,30.3,76.9,3,S3,Upper Arm,0.97,0.036,0.153,0.195,0.4,-0.35,1.13,0.12,9.83,-0.14,30.4,16.1,1.1,51.1,0.034,2.65,4.6,High,Optimal,Maintain balance
4.672,P292,13,F,157,65,26.4,Class I,28.6,90.4,1,S4,Right Leg,0.961,0.034,0.151,0.196,0.44,-0.35,1.16,0.19,9.73,-0.15,27.9,16.0,1.12,48.2,0.033,2.36,5.94,Low,Slight Deviation,Maintain posture
4.688,P293,13,F,158,88,35.3,Class III,36.7,99.2,4,S5,Left Arm,0.967,0.035,0.147,0.199,0.39,-0.29,1.09,0.25,9.89,-0.1,26.2,18.3,1.08,51.4,0.025,2.54,4.95,Medium,Optimal,Maintain balance
4.704,P294,16,F,171,78,26.7,Class I,29.1,88.8,2,S6,Lower Back,0.978,0.048,0.143,0.186,0.32,-0.27,1.07,0.26,9.73,-0.12,32.0,14.3,1.04,51.5,0.032,2.74,5.74,Low,Slight Deviation,Maintain posture
4.72,P295,16,F,160,69,27.0,Class I,37.3,76.6,3,S1,Right Leg,0.972,0.039,0.142,0.197,0.39,-0.32,1.02,0.2,9.85,-0.11,31.4,12.8,1.19,50.3,0.039,2.49,2.47,Low,Optimal,Adjust torso angle
4.736,P296,17,M,172,92,31.1,Class II,31.4,98.6,2,S2,Lower Back,0.971,0.039,0.157,0.183,0.41,-0.32,1.18,0.28,9.75,-0.12,28.7,12.7,1.1,48.9,0.031,2.77,4.97,High,Optimal,Reduce angular velocity
4.752,P297,17,M,150,62,27.6,Class I,35.0,81.0,2,S3,Right Leg,0.965,0.045,0.158,0.194,0.36,-0.29,1.16,0.15,9.89,-0.13,34.5,15.4,1.15,50.6,0.034,2.33,1.59,Medium,Deviation,Correct limb orientation
4.768,P298,15,F,163,59,22.2,Normal,26.4,82.8,3,S4,Left Arm,0.967,0.033,0.153,0.195,0.43,-0.32,1.03,0.18,9.84,-0.08,25.2,14.5,1.08,52.7,0.037,2.24,4.52,Medium,Slight Deviation,Maintain balance
4.784,P299,16,F,154,80,33.7,Class II,34.4,79.9,4,S5,Left Thigh,0.978,0.04,0.142,0.194,0.4,-0.35,1.1,0.28,9.85,-0.1,28.0,14.4,1.07,53.5,0.037,2.73,3.61,Low,Deviation,Maintain balance
4.8,P300,13,M,170,72,24.9,Normal,31.8,84.9,3,S6,Left Arm,0.973,0.039,0.148,0.185,0.43,-0.28,1.1,0.28,9.74,-0.13,34.2,10.9,1.08,51.7,0.033,2.71,3.06,High,Optimal,Adjust torso angle
4.816,P301,17,F,175,60,19.6,Normal,33.8,97.7,2,S1,Left Thigh,0.976,0.042,0.155,0.197,0.39,-0.29,1.13,0.24,9.79,-0.12,28.2,17.2,1.08,52.1,0.038,2.8,5.38,High,Deviation,Maintain balance
4.832,P302,17,F,163,91,34.3,Class II,27.5,90.6,3,S2,Left Thigh,0.969,0.05,0.156,0.183,0.32,-0.29,1.19,0.27,9.82,-0.09,27.5,12.1,1.11,49.4,0.031,2.61,5.34,High,Optimal,Maintain posture
4.848,P303,13,M,153,67,28.6,Class I,36.1,81.1,2,S3,Lower Back,0.973,0.045,0.142,0.181,0.35,-0.28,1.12,0.12,9.85,-0.14,30.3,12.0,1.11,50.0,0.038,2.76,1.6,Low,Optimal,Maintain posture
4.864,P304,17,F,171,82,28.0,Class I,37.9,101.3,2,S4,Upper Arm,0.965,0.038,0.14,0.194,0.33,-0.28,1.11,0.27,9.72,-0.14,33.2,14.1,1.1,49.1,0.029,2.7,4.24,Low,Optimal,Reduce angular velocity
4.88,P305,15,F,172,59,19.9,Normal,28.3,101.4,3,S5,Left Arm,0.974,0.047,0.154,0.19,0.44,-0.33,1.01,0.16,9.89,-0.14,26.0,12.3,1.03,49.7,0.029,2.71,3.16,Medium,Slight Deviation,Reduce angular velocity
4.896,P306,16,M,174,67,22.1,Normal,26.4,101.1,1,S6,Right Leg,0.969,0.033,0.147,0.197,0.41,-0.31,1.01,0.14,9.88,-0.07,34.4,15.8,1.1,49.6,0.026,2.54,3.37,High,Slight Deviation,Reduce angular velocity
4.912,P307,13,M,150,71,31.6,Class II,25.4,82.2,3,S1,Left Arm,0.969,0.031,0.145,0.188,0.4,-0.34,1.04,0.15,9.75,-0.07,33.0,13.7,1.03,51.6,0.037,2.43,5.24,Low,Slight Deviation,Maintain posture
4.928,P308,16,M,171,94,32.1,Class II,34.6,88.5,1,S2,Lower Back,0.973,0.034,0.14,0.183,0.35,-0.34,1.01,0.18,9.86,-0.07,26.8,14.5,1.03,51.9,0.031,2.76,2.89,High,Deviation,Reduce angular velocity
4.944,P309,17,F,172,99,33.5,Class II,34.1,104.5,2,S3,Left Thigh,0.979,0.037,0.151,0.197,0.33,-0.28,1.15,0.15,9.8,-0.08,32.1,15.4,1.19,54.6,0.028,2.46,5.74,Low,Optimal,Reduce angular velocity
4.96,P310,17,M,168,86,30.5,Class II,33.2,98.2,2,S4,Lower Back,0.961,0.04,0.157,0.191,0.41,-0.26,1.14,0.16,9.79,-0.08,28.8,12.0,1.12,49.4,0.028,2.52,2.31,Medium,Deviation,Maintain posture
4.976,P311,13,M,157,83,33.7,Class II,28.5,75.8,1,S5,Right Shank,0.976,0.042,0.159,0.184,0.37,-0.25,1.03,0.13,9.76,-0.1,29.0,11.6,1.13,52.5,0.039,2.47,4.48,High,Deviation,Adjust torso angle
4.992,P312,15,M,164,57,21.2,Normal,30.9,77.0,2,S6,Right Shank,0.966,0.048,0.151,0.194,0.33,-0.29,1.17,0.16,9.82,-0.09,32.8,18.8,1.08,53.7,0.038,2.54,4.52,Low,Optimal,Maintain balance
5.008,P313,14,M,170,94,32.5,Class II,33.9,88.9,1,S1,Right Leg,0.969,0.04,0.15,0.19,0.39,-0.33,1.03,0.21,9.85,-0.15,34.6,14.3,1.18,51.9,0.033,2.48,2.63,High,Deviation,Correct limb orientation
5.024,P314,13,M,164,88,32.7,Class II,32.5,102.3,1,S2,Lower Back,0.96,0.04,0.142,0.192,0.31,-0.34,1.06,0.19,9.78,-0.09,26.3,14.1,1.13,49.8,0.034,2.23,2.96,Low,Optimal,Maintain posture
5.04,P315,14,M,158,94,37.7,Class III,39.8,91.2,2,S3,Right Leg,0.966,0.031,0.151,0.189,0.35,-0.27,1.05,0.17,9.83,-0.07,29.2,10.4,1.15,49.8,0.032,2.73,5.26,Low,Optimal,Maintain posture
5.056,P316,14,F,170,81,28.0,Class I,27.0,89.9,4,S4,Right Leg,0.97,0.031,0.148,0.197,0.37,-0.29,1.07,0.25,9.84,-0.1,29.8,15.0,1.07,48.3,0.031,2.47,4.93,Low,Optimal,Correct limb orientation
5.072,P317,15,F,158,67,26.8,Class I,35.4,78.2,1,S5,Right Shank,0.961,0.041,0.152,0.197,0.32,-0.29,1.05,0.28,9.84,-0.11,28.8,15.5,1.19,50.1,0.039,2.55,2.98,High,Optimal,Correct limb orientation
5.088,P318,14,M,159,99,39.2,Class III,31.1,94.7,3,S6,Right Leg,0.97,0.039,0.148,0.194,0.45,-0.27,1.1,0.25,9.71,-0.12,28.6,15.6,1.16,53.2,0.027,2.28,3.9,Low,Deviation,Reduce angular velocity
5.104,P319,14,M,169,87,30.5,Class II,31.4,99.7,3,S1,Right Shank,0.979,0.047,0.145,0.182,0.33,-0.28,1.08,0.17,9.87,-0.09,25.5,17.1,1.17,48.3,0.031,2.2,1.78,Medium,Deviation,Correct limb orientation
5.12,P320,15,M,174,60,19.8,Normal,35.8,86.4,2,S2,Left Thigh,0.962,0.033,0.142,0.197,0.32,-0.27,1.2,0.25,9.79,-0.08,31.9,11.8,1.03,49.5,0.03,2.35,2.44,High,Deviation,Maintain balance
5.136,P321,14,F,170,78,27.0,Class I,35.4,98.3,4,S3,Lower Back,0.975,0.03,0.146,0.193,0.33,-0.34,1.01,0.13,9.75,-0.06,29.4,12.5,1.05,52.9,0.032,2.62,3.69,Medium,Slight Deviation,Maintain balance
5.152,P322,14,F,175,73,23.8,Normal,39.9,103.9,2,S4,Right Leg,0.968,0.039,0.142,0.194,0.42,-0.28,1.03,0.13,9.75,-0.12,26.9,18.1,1.06,53.5,0.032,2.26,1.89,Medium,Deviation,Maintain balance
5.168,P323,14,F,158,70,28.0,Class I,26.9,81.1,4,S5,Right Shank,0.973,0.035,0.144,0.187,0.36,-0.26,1.01,0.17,9.8,-0.07,33.2,19.5,1.05,51.2,0.033,2.75,5.29,High,Deviation,Maintain balance
5.184,P324,13,F,152,94,40.7,Class III,26.6,90.7,1,S6,Left Arm,0.965,0.031,0.16,0.198,0.38,-0.32,1.13,0.26,9.88,-0.09,33.0,11.4,1.17,52.9,0.027,2.33,4.73,Low,Slight Deviation,Maintain balance
5.2,P325,13,F,169,82,28.7,Class I,35.9,83.6,1,S1,Right Leg,0.963,0.044,0.149,0.195,0.3,-0.29,1.01,0.15,9.78,-0.06,29.9,15.0,1.01,50.7,0.033,2.32,5.75,Medium,Optimal,Reduce angular velocity
5.216,P326,13,F,174,87,28.7,Class I,33.7,98.8,1,S2,Upper Arm,0.963,0.032,0.151,0.182,0.31,-0.32,1.17,0.11,9.85,-0.1,28.0,12.1,1.02,49.1,0.029,2.31,4.62,High,Optimal,Maintain posture
5.232,P327,15,F,175,95,31.0,Class II,29.1,92.3,1,S3,Left Thigh,0.961,0.042,0.157,0.188,0.37,-0.25,1.1,0.13,9.72,-0.1,31.4,10.6,1.05,50.8,0.028,2.21,5.73,Low,Optimal,Correct limb orientation
5.248,P328,17,F,160,67,26.2,Class I,26.2,94.0,3,S4,Left Thigh,0.964,0.036,0.16,0.198,0.42,-0.35,1.11,0.27,9.8,-0.09,27.9,13.3,1.04,52.1,0.026,2.66,4.0,High,Slight Deviation,Maintain posture
5.264,P329,14,F,155,97,40.4,Class III,26.3,98.9,3,S5,Left Arm,0.973,0.033,0.152,0.181,0.43,-0.29,1.11,0.23,9.9,-0.08,27.4,11.4,1.05,54.6,0.036,2.73,4.2,High,Deviation,Correct limb orientation
5.28,P330,14,M,151,99,43.4,Class III,38.4,86.9,2,S6,Right Shank,0.978,0.038,0.156,0.199,0.31,-0.33,1.03,0.15,9.85,-0.05,32.3,17.1,1.16,48.5,0.031,2.57,5.9,High,Deviation,Reduce angular velocity
5.296,P331,15,M,156,79,32.5,Class II,27.9,102.5,4,S1,Right Leg,0.976,0.046,0.147,0.194,0.38,-0.28,1.04,0.21,9.74,-0.14,25.4,15.3,1.11,51.6,0.034,2.31,4.39,Low,Deviation,Reduce angular velocity
5.312,P332,14,M,167,96,34.4,Class II,29.9,91.0,1,S2,Right Shank,0.974,0.038,0.146,0.193,0.44,-0.33,1.06,0.21,9.8,-0.14,25.9,11.4,1.0,50.3,0.036,2.37,1.64,Medium,Deviation,Adjust torso angle
5.328,P333,13,M,176,90,29.1,Class I,28.4,79.7,1,S3,Left Thigh,0.962,0.045,0.148,0.185,0.36,-0.33,1.12,0.23,9.75,-0.06,25.1,10.1,1.09,51.6,0.035,2.49,4.76,Medium,Slight Deviation,Adjust torso angle
5.344,P334,17,F,151,81,35.5,Class III,30.3,95.9,4,S4,Right Shank,0.966,0.033,0.153,0.185,0.42,-0.3,1.04,0.15,9.78,-0.1,26.5,18.1,1.08,48.2,0.032,2.77,5.57,High,Deviation,Reduce angular velocity
5.36,P335,16,F,176,92,29.7,Class I,26.0,98.8,4,S5,Left Thigh,0.966,0.045,0.154,0.199,0.32,-0.26,1.02,0.27,9.86,-0.09,25.7,11.8,1.02,50.2,0.031,2.35,5.08,High,Optimal,Reduce angular velocity
5.376,P336,14,M,166,61,22.1,Normal,32.8,84.5,2,S6,Right Shank,0.965,0.035,0.146,0.186,0.44,-0.33,1.19,0.16,9.85,-0.1,35.0,16.1,1.14,53.7,0.031,2.64,4.13,Low,Slight Deviation,Correct limb orientation
5.392,P337,13,F,160,59,23.0,Normal,26.0,100.7,4,S1,Left Arm,0.97,0.044,0.143,0.196,0.41,-0.34,1.0,0.24,9.75,-0.14,27.9,13.4,1.14,51.9,0.035,2.46,4.52,High,Slight Deviation,Reduce angular velocity
5.408,P338,16,M,176,97,31.3,Class II,37.0,102.2,1,S2,Lower Back,0.971,0.041,0.153,0.188,0.44,-0.27,1.16,0.1,9.88,-0.07,26.5,15.9,1.14,51.2,0.032,2.38,5.96,High,Optimal,Maintain posture
5.424,P339,17,F,161,99,38.2,Class III,28.5,83.3,1,S3,Left Arm,0.967,0.049,0.143,0.183,0.4,-0.3,1.16,0.17,9.82,-0.08,27.4,13.2,1.15,50.0,0.038,2.47,1.91,High,Optimal,Correct limb orientation
5.44,P340,16,M,176,85,27.4,Class I,33.1,104.5,1,S4,Left Arm,0.967,0.038,0.152,0.18,0.35,-0.26,1.06,0.17,9.78,-0.12,34.4,10.9,1.0,50.1,0.038,2.24,4.5,Medium,Deviation,Reduce angular velocity
5.456,P341,13,F,168,77,27.3,Class I,38.2,79.2,1,S5,Lower Back,0.977,0.031,0.154,0.191,0.44,-0.34,1.03,0.21,9.8,-0.12,30.2,12.2,1.19,50.7,0.028,2.68,2.78,High,Optimal,Correct limb orientation
5.472,P342,16,F,171,96,32.8,Class II,34.8,81.1,1,S6,Lower Back,0.976,0.03,0.154,0.2,0.34,-0.29,1.03,0.11,9.82,-0.07,28.6,11.9,1.16,53.8,0.027,2.35,4.38,Medium,Slight Deviation,Correct limb orientation
5.488,P343,15,M,173,64,21.4,Normal,33.0,80.5,2,S1,Right Leg,0.966,0.047,0.155,0.187,0.35,-0.33,1.14,0.26,9.81,-0.14,33.7,14.3,1.18,54.8,0.034,2.64,4.23,Low,Slight Deviation,Maintain balance
5.504,P344,16,F,174,86,28.4,Class I,29.9,101.8,1,S2,Right Leg,0.978,0.04,0.157,0.187,0.41,-0.33,1.13,0.14,9.8,-0.06,28.9,16.6,1.0,51.1,0.03,2.24,2.19,Low,Slight Deviation,Adjust torso angle
5.52,P345,14,M,156,97,39.9,Class III,30.0,94.6,2,S3,Left Arm,0.979,0.046,0.15,0.187,0.41,-0.28,1.16,0.24,9.8,-0.12,28.4,12.6,1.19,50.8,0.025,2.77,2.43,Medium,Deviation,Correct limb orientation
5.536,P346,14,M,169,84,29.4,Class I,35.0,79.6,1,S4,Left Arm,0.967,0.035,0.155,0.19,0.44,-0.29,1.19,0.26,9.74,-0.09,27.1,10.1,1.16,53.9,0.038,2.32,4.3,Medium,Deviation,Correct limb orientation
5.552,P347,15,M,155,93,38.7,Class III,39.9,88.2,3,S5,Left Thigh,0.967,0.037,0.152,0.189,0.33,-0.27,1.14,0.21,9.86,-0.06,28.8,15.2,1.17,51.0,0.028,2.73,2.08,Medium,Optimal,Maintain balance
5.568,P348,13,M,170,85,29.4,Class I,34.9,93.5,3,S6,Left Thigh,0.97,0.031,0.144,0.198,0.42,-0.32,1.03,0.25,9.81,-0.08,28.2,16.1,1.02,51.9,0.039,2.69,2.69,Medium,Deviation,Reduce angular velocity
5.584,P349,14,F,173,72,24.1,Normal,33.4,77.5,3,S1,Right Leg,0.979,0.049,0.141,0.19,0.41,-0.31,1.05,0.23,9.73,-0.11,31.8,19.6,1.15,49.6,0.036,2.78,5.26,High,Deviation,Correct limb orientation
5.6,P350,17,F,150,90,40.0,Class III,36.0,101.5,3,S2,Upper Arm,0.978,0.043,0.146,0.19,0.31,-0.31,1.17,0.17,9.85,-0.08,27.9,15.9,1.19,53.2,0.036,2.49,2.97,Medium,Slight Deviation,Maintain balance
5.616,P351,14,F,166,56,20.3,Normal,32.0,99.1,2,S3,Upper Arm,0.962,0.049,0.149,0.183,0.36,-0.25,1.04,0.26,9.89,-0.12,30.8,14.7,1.14,51.7,0.028,2.64,3.7,Medium,Slight Deviation,Maintain posture
5.632,P352,14,M,178,68,21.5,Normal,25.9,90.2,2,S4,Right Leg,0.968,0.035,0.152,0.2,0.34,-0.32,1.01,0.16,9.89,-0.12,25.7,15.7,1.11,53.7,0.029,2.42,5.74,Medium,Optimal,Maintain balance
5.648,P353,13,F,160,67,26.2,Class I,33.4,104.0,4,S5,Left Thigh,0.971,0.042,0.157,0.185,0.35,-0.32,1.14,0.21,9.77,-0.05,26.9,19.3,1.19,53.5,0.033,2.31,2.52,High,Slight Deviation,Adjust torso angle
5.664,P354,16,M,171,83,28.4,Class I,39.4,87.5,1,S6,Left Thigh,0.97,0.044,0.144,0.181,0.45,-0.31,1.08,0.25,9.73,-0.07,29.1,18.3,1.09,49.5,0.028,2.47,3.25,High,Deviation,Adjust torso angle
5.68,P355,14,F,175,66,21.6,Normal,27.6,104.5,3,S1,Upper Arm,0.964,0.036,0.143,0.193,0.4,-0.29,1.18,0.18,9.8,-0.09,34.4,13.2,1.12,53.0,0.03,2.3,4.23,High,Optimal,Reduce angular velocity
5.696,P356,15,F,177,93,29.7,Class I,35.4,95.0,2,S2,Right Shank,0.977,0.047,0.159,0.192,0.41,-0.32,1.13,0.16,9.72,-0.11,28.8,12.4,1.1,53.6,0.03,2.79,4.9,Low,Optimal,Reduce angular velocity
5.712,P357,16,F,167,56,20.1,Normal,28.0,94.0,1,S3,Right Shank,0.974,0.049,0.142,0.188,0.45,-0.26,1.02,0.19,9.89,-0.15,31.6,12.6,1.19,50.4,0.027,2.26,5.56,High,Slight Deviation,Adjust torso angle
5.728,P358,17,M,170,86,29.8,Class I,33.0,80.0,1,S4,Left Thigh,0.977,0.048,0.15,0.188,0.36,-0.32,1.19,0.26,9.74,-0.15,27.6,15.0,1.02,49.2,0.028,2.55,5.62,Medium,Slight Deviation,Adjust torso angle
5.744,P359,13,F,166,67,24.3,Normal,26.5,101.5,2,S5,Right Shank,0.977,0.045,0.152,0.196,0.42,-0.26,1.05,0.29,9.75,-0.09,26.3,17.4,1.1,48.0,0.037,2.58,4.99,High,Slight Deviation,Correct limb orientation
5.76,P360,17,F,156,81,33.3,Class II,31.8,87.8,3,S6,Lower Back,0.975,0.036,0.151,0.184,0.37,-0.34,1.07,0.21,9.78,-0.07,25.6,15.0,1.14,51.2,0.028,2.52,2.53,High,Optimal,Adjust torso angle
5.776,P361,16,M,166,95,34.5,Class II,36.3,79.9,4,S1,Right Leg,0.969,0.036,0.142,0.196,0.43,-0.28,1.08,0.23,9.78,-0.1,28.1,10.7,1.16,50.5,0.025,2.6,1.61,Medium,Slight Deviation,Reduce angular velocity
5.792,P362,16,F,169,71,24.9,Normal,30.2,75.4,1,S2,Right Leg,0.972,0.049,0.141,0.193,0.33,-0.26,1.01,0.28,9.86,-0.07,26.6,17.2,1.12,51.9,0.034,2.27,3.23,High,Deviation,Adjust torso angle
5.808,P363,16,M,158,94,37.7,Class III,35.0,91.8,4,S3,Left Thigh,0.963,0.03,0.142,0.188,0.44,-0.33,1.1,0.12,9.79,-0.15,26.7,18.1,1.18,49.3,0.04,2.53,2.14,Low,Optimal,Reduce angular velocity
5.824,P364,17,F,166,85,30.8,Class II,36.9,90.8,3,S4,Left Arm,0.973,0.044,0.152,0.189,0.33,-0.25,1.02,0.15,9.73,-0.11,32.6,12.9,1.19,54.0,0.03,2.37,4.7,High,Slight Deviation,Maintain posture
5.84,P365,16,M,169,88,30.8,Class II,38.9,96.6,3,S5,Upper Arm,0.964,0.044,0.151,0.185,0.35,-0.3,1.08,0.24,9.75,-0.13,25.2,16.6,1.01,49.8,0.027,2.76,4.48,Low,Deviation,Adjust torso angle
5.856,P366,17,M,171,78,26.7,Class I,28.5,101.7,4,S6,Left Thigh,0.974,0.042,0.145,0.195,0.41,-0.26,1.07,0.26,9.8,-0.11,30.6,14.3,1.08,49.6,0.034,2.66,1.7,Low,Deviation,Reduce angular velocity
5.872,P367,16,F,171,99,33.9,Class II,31.0,77.4,3,S1,Right Shank,0.965,0.05,0.153,0.19,0.36,-0.28,1.15,0.27,9.73,-0.14,28.8,18.9,1.0,51.4,0.039,2.78,5.26,Low,Slight Deviation,Maintain balance
5.888,P368,15,M,177,89,28.4,Class I,27.3,96.9,1,S2,Upper Arm,0.962,0.036,0.156,0.186,0.39,-0.32,1.16,0.18,9.82,-0.05,30.1,18.5,1.07,51.5,0.037,2.22,2.62,Medium,Deviation,Correct limb orientation
5.904,P369,16,M,178,60,18.9,Normal,39.9,80.6,4,S3,Left Arm,0.963,0.037,0.141,0.192,0.37,-0.33,1.03,0.12,9.81,-0.13,30.6,15.3,1.11,49.5,0.034,2.37,3.45,High,Optimal,Reduce angular velocity
5.92,P370,17,M,157,73,29.6,Class I,38.9,100.7,3,S4,Right Shank,0.96,0.032,0.15,0.2,0.41,-0.32,1.07,0.19,9.84,-0.06,28.1,16.9,1.18,49.9,0.03,2.32,4.51,Low,Optimal,Adjust torso angle
5.936,P371,14,M,166,84,30.5,Class II,33.1,99.6,4,S5,Lower Back,0.974,0.039,0.154,0.189,0.33,-0.34,1.07,0.15,9.89,-0.11,28.0,18.8,1.17,49.2,0.033,2.21,3.43,Low,Deviation,Adjust torso angle
5.952,P372,16,M,156,61,25.1,Class I,37.6,91.2,1,S6,Right Shank,0.975,0.035,0.145,0.198,0.31,-0.34,1.03,0.16,9.88,-0.05,32.3,15.0,1.03,53.0,0.026,2.35,3.49,High,Optimal,Maintain posture
5.968,P373,14,M,150,64,28.4,Class I,32.8,96.3,3,S1,Lower Back,0.97,0.037,0.146,0.187,0.34,-0.34,1.16,0.25,9.89,-0.09,33.7,13.1,1.02,53.4,0.035,2.61,1.8,Medium,Slight Deviation,Maintain balance
5.984,P374,15,F,162,95,36.2,Class III,34.4,84.4,1,S2,Upper Arm,0.963,0.047,0.152,0.181,0.37,-0.31,1.14,0.12,9.75,-0.06,26.9,17.5,1.12,51.2,0.036,2.34,3.31,Medium,Deviation,Reduce angular velocity
6.0,P375,13,M,179,86,26.8,Class I,26.3,89.1,3,S3,Lower Back,0.962,0.049,0.158,0.184,0.33,-0.27,1.04,0.27,9.73,-0.15,26.0,12.2,1.11,53.0,0.039,2.51,4.94,Low,Optimal,Maintain balance
6.016,P376,15,M,172,88,29.7,Class I,36.3,99.6,2,S4,Upper Arm,0.96,0.034,0.156,0.188,0.35,-0.34,1.07,0.19,9.76,-0.08,34.0,13.9,1.05,53.2,0.029,2.73,5.62,Medium,Slight Deviation,Maintain posture
6.032,P377,16,F,168,82,29.1,Class I,26.9,88.8,3,S5,Upper Arm,0.963,0.037,0.152,0.184,0.36,-0.34,1.02,0.22,9.88,-0.06,28.5,18.7,1.18,49.0,0.025,2.62,3.36,High,Slight Deviation,Correct limb orientation
6.048,P378,14,F,176,69,22.3,Normal,37.4,85.7,4,S6,Upper Arm,0.978,0.049,0.155,0.18,0.31,-0.29,1.13,0.12,9.89,-0.14,30.5,17.2,1.19,54.8,0.033,2.44,3.41,Medium,Optimal,Maintain balance
6.064,P379,14,F,173,84,28.1,Class I,36.7,89.8,3,S1,Upper Arm,0.965,0.031,0.147,0.198,0.39,-0.33,1.02,0.17,9.87,-0.14,28.6,14.0,1.08,53.7,0.036,2.42,4.66,High,Deviation,Maintain posture
6.08,P380,17,F,168,91,32.2,Class II,35.6,99.8,1,S2,Upper Arm,0.967,0.032,0.153,0.197,0.43,-0.34,1.2,0.12,9.72,-0.11,26.3,12.1,1.18,49.4,0.037,2.47,5.74,Low,Slight Deviation,Reduce angular velocity
6.096,P381,14,F,179,83,25.9,Class I,25.5,85.1,1,S3,Right Shank,0.962,0.033,0.149,0.195,0.32,-0.33,1.16,0.29,9.89,-0.06,30.9,13.6,1.08,49.3,0.028,2.31,2.7,High,Slight Deviation,Correct limb orientation
6.112,P382,17,F,179,76,23.7,Normal,29.5,80.2,3,S4,Upper Arm,0.964,0.042,0.144,0.183,0.39,-0.26,1.08,0.26,9.78,-0.1,30.3,12.8,1.15,48.9,0.029,2.58,3.48,Low,Slight Deviation,Adjust torso angle
6.128,P383,13,F,178,58,18.3,Normal,28.9,96.4,4,S5,Right Shank,0.97,0.033,0.154,0.182,0.4,-0.27,1.12,0.19,9.7,-0.1,27.0,11.8,1.1,49.0,0.033,2.42,5.08,High,Slight Deviation,Maintain posture
6.144,P384,16,M,166,74,26.9,Class I,30.4,99.8,2,S6,Upper Arm,0.972,0.049,0.151,0.181,0.36,-0.31,1.18,0.14,9.79,-0.14,29.5,17.4,1.02,53.2,0.03,2.71,4.24,High,Deviation,Adjust torso angle
6.16,P385,17,M,162,86,32.8,Class II,26.3,78.0,4,S1,Lower Back,0.965,0.039,0.147,0.194,0.41,-0.28,1.11,0.29,9.71,-0.15,33.0,12.5,1.19,51.3,0.038,2.65,2.0,Medium,Optimal,Correct limb orientation
6.176,P386,13,F,178,90,28.4,Class I,39.1,82.2,2,S2,Upper Arm,0.961,0.04,0.158,0.199,0.36,-0.3,1.03,0.17,9.81,-0.07,30.9,14.5,1.09,53.5,0.032,2.57,4.32,High,Optimal,Maintain posture
6.192,P387,14,M,179,58,18.1,Normal,33.3,79.3,1,S3,Left Arm,0.968,0.035,0.14,0.189,0.38,-0.28,1.08,0.13,9.77,-0.14,26.0,13.9,1.15,53.2,0.037,2.42,2.34,Low,Optimal,Maintain posture
6.208,P388,14,M,165,81,29.8,Class I,29.6,85.4,4,S4,Upper Arm,0.965,0.039,0.146,0.182,0.3,-0.28,1.17,0.21,9.79,-0.09,30.5,19.8,1.07,52.2,0.034,2.33,3.8,High,Slight Deviation,Correct limb orientation
6.224,P389,13,M,157,71,28.8,Class I,31.0,88.5,2,S5,Upper Arm,0.964,0.043,0.141,0.19,0.4,-0.29,1.13,0.29,9.82,-0.06,32.0,13.9,1.0,52.8,0.037,2.67,3.88,Low,Deviation,Reduce angular velocity
6.24,P390,14,F,168,66,23.4,Normal,31.7,97.5,3,S6,Lower Back,0.979,0.045,0.155,0.187,0.4,-0.32,1.13,0.1,9.87,-0.13,32.9,10.8,1.02,48.1,0.03,2.49,5.44,Low,Optimal,Maintain posture
6.256,P391,13,F,167,76,27.3,Class I,34.0,94.5,1,S1,Right Leg,0.972,0.045,0.154,0.187,0.31,-0.35,1.17,0.15,9.83,-0.08,31.3,10.9,1.1,50.2,0.037,2.33,3.58,High,Deviation,Correct limb orientation
6.272,P392,17,M,150,71,31.6,Class II,32.7,93.6,3,S2,Lower Back,0.971,0.042,0.147,0.192,0.36,-0.3,1.18,0.29,9.79,-0.14,26.5,15.9,1.14,52.5,0.029,2.32,2.76,Medium,Optimal,Maintain balance
6.288,P393,17,F,163,64,24.1,Normal,38.8,85.6,1,S3,Left Arm,0.968,0.048,0.154,0.194,0.45,-0.26,1.18,0.13,9.86,-0.09,32.1,16.0,1.07,48.1,0.033,2.3,2.54,High,Slight Deviation,Adjust torso angle
6.304,P394,13,M,168,55,19.5,Normal,32.5,100.2,4,S4,Right Leg,0.969,0.046,0.148,0.182,0.36,-0.29,1.02,0.12,9.88,-0.13,31.8,14.2,1.14,48.2,0.028,2.67,5.43,High,Optimal,Maintain posture
6.32,P395,17,M,164,76,28.3,Class I,39.9,89.1,4,S5,Left Thigh,0.971,0.045,0.155,0.181,0.38,-0.27,1.11,0.21,9.72,-0.08,25.2,14.3,1.14,54.0,0.032,2.34,2.27,Medium,Slight Deviation,Maintain balance
6.336,P396,17,M,167,80,28.7,Class I,37.8,104.4,1,S6,Left Thigh,0.974,0.031,0.149,0.2,0.44,-0.25,1.15,0.27,9.81,-0.12,29.1,10.5,1.14,52.8,0.03,2.52,3.42,Low,Slight Deviation,Maintain posture
6.352,P397,17,M,151,72,31.6,Class II,28.1,94.0,1,S1,Left Arm,0.974,0.03,0.148,0.185,0.41,-0.33,1.15,0.2,9.76,-0.1,28.3,15.2,1.1,49.9,0.029,2.47,2.34,High,Optimal,Reduce angular velocity
6.368,P398,15,F,171,68,23.3,Normal,39.0,78.8,1,S2,Lower Back,0.963,0.034,0.159,0.181,0.39,-0.28,1.12,0.3,9.71,-0.09,31.7,15.0,1.18,52.8,0.04,2.55,4.98,Medium,Deviation,Correct limb orientation
6.384,P399,16,F,177,83,26.5,Class I,26.7,95.3,4,S3,Right Shank,0.97,0.043,0.145,0.184,0.42,-0.28,1.03,0.24,9.83,-0.13,27.2,11.5,1.1,53.5,0.027,2.73,3.63,Medium,Slight Deviation,Maintain posture
6.4,P400,14,F,166,66,24.0,Normal,37.3,84.8,2,S4,Left Arm,0.968,0.038,0.142,0.181,0.43,-0.25,1.16,0.11,9.87,-0.08,30.9,11.0,1.09,50.1,0.037,2.72,3.08,Low,Deviation,Correct limb orientation
6.416,P401,15,M,167,90,32.3,Class II,30.7,95.6,3,S5,Right Leg,0.977,0.038,0.152,0.188,0.37,-0.25,1.14,0.3,9.73,-0.12,34.1,11.2,1.04,48.3,0.04,2.47,3.12,Medium,Optimal,Maintain posture
6.432,P402,17,F,179,89,27.8,Class I,38.2,77.1,3,S6,Right Leg,0.973,0.048,0.159,0.196,0.37,-0.28,1.02,0.18,9.86,-0.08,33.0,11.0,1.06,54.5,0.025,2.21,5.33,Low,Slight Deviation,Reduce angular velocity
6.448,P403,13,M,155,66,27.5,Class I,38.0,80.2,4,S1,Upper Arm,0.971,0.048,0.148,0.187,0.36,-0.33,1.09,0.16,9.87,-0.13,34.2,16.1,1.01,50.4,0.035,2.46,3.99,High,Deviation,Reduce angular velocity
6.464,P404,17,F,168,61,21.6,Normal,37.1,100.7,3,S2,Left Thigh,0.962,0.048,0.141,0.189,0.45,-0.27,1.03,0.21,9.88,-0.08,34.8,12.0,1.13,48.7,0.029,2.56,4.73,Medium,Slight Deviation,Maintain balance
6.48,P405,16,M,153,83,35.5,Class III,36.9,81.8,1,S3,Right Leg,0.972,0.036,0.147,0.194,0.4,-0.34,1.07,0.16,9.75,-0.14,25.1,12.5,1.05,51.4,0.026,2.53,5.54,High,Optimal,Reduce angular velocity
6.496,P406,17,M,150,65,28.9,Class I,29.6,100.1,2,S4,Left Arm,0.962,0.044,0.15,0.19,0.31,-0.27,1.0,0.12,9.88,-0.11,31.2,11.7,1.06,53.4,0.031,2.59,5.56,Medium,Slight Deviation,Correct limb orientation
6.512,P407,13,M,157,87,35.3,Class III,26.2,83.4,3,S5,Right Leg,0.967,0.035,0.143,0.197,0.43,-0.26,1.08,0.1,9.76,-0.13,29.1,19.6,1.15,49.6,0.039,2.29,2.98,Medium,Optimal,Reduce angular velocity
6.528,P408,16,F,178,60,18.9,Normal,31.0,94.3,2,S6,Left Arm,0.963,0.034,0.153,0.197,0.37,-0.31,1.11,0.19,9.81,-0.08,33.6,18.5,1.07,49.9,0.025,2.59,5.79,High,Deviation,Maintain posture
6.544,P409,17,F,172,69,23.3,Normal,27.6,95.8,1,S1,Right Shank,0.974,0.034,0.16,0.18,0.31,-0.29,1.12,0.27,9.71,-0.12,27.5,12.3,1.05,49.7,0.034,2.31,1.61,Medium,Slight Deviation,Reduce angular velocity
6.56,P410,16,F,156,86,35.3,Class III,35.4,90.4,3,S2,Upper Arm,0.964,0.037,0.149,0.196,0.38,-0.31,1.13,0.21,9.71,-0.06,34.8,13.3,1.03,54.9,0.033,2.65,3.2,High,Deviation,Correct limb orientation
6.576,P411,14,F,152,65,28.1,Class I,30.2,84.2,4,S3,Left Thigh,0.968,0.039,0.147,0.189,0.36,-0.31,1.17,0.3,9.84,-0.06,31.1,12.1,1.15,49.4,0.038,2.4,5.53,High,Optimal,Maintain posture
6.592,P412,14,M,159,77,30.5,Class II,39.6,81.4,2,S4,Right Leg,0.978,0.047,0.148,0.2,0.43,-0.32,1.04,0.16,9.79,-0.13,32.9,14.9,1.03,52.0,0.026,2.63,2.74,Low,Optimal,Maintain balance
6.608,P413,17,F,159,80,31.6,Class II,34.6,76.0,1,S5,Left Arm,0.964,0.032,0.142,0.19,0.33,-0.27,1.02,0.16,9.75,-0.09,25.9,10.2,1.09,54.5,0.035,2.23,2.73,High,Deviation,Maintain balance
6.624,P414,16,F,168,88,31.2,Class II,37.3,84.1,2,S6,Lower Back,0.97,0.045,0.158,0.2,0.42,-0.26,1.17,0.13,9.74,-0.14,26.8,16.7,1.1,49.0,0.035,2.44,2.86,Low,Deviation,Maintain balance
6.64,P415,13,M,163,88,33.1,Class II,27.0,94.6,3,S1,Left Thigh,0.968,0.041,0.148,0.195,0.38,-0.26,1.03,0.13,9.83,-0.11,32.6,15.2,1.14,54.8,0.035,2.62,4.26,High,Optimal,Maintain posture
6.656,P416,17,M,151,83,36.4,Class III,37.9,103.1,3,S2,Right Shank,0.96,0.036,0.148,0.185,0.31,-0.33,1.19,0.16,9.7,-0.08,25.2,19.0,1.13,54.6,0.039,2.34,3.47,Medium,Deviation,Maintain balance
6.672,P417,14,M,177,58,18.5,Normal,38.8,101.1,4,S3,Left Arm,0.976,0.04,0.153,0.191,0.45,-0.26,1.17,0.26,9.86,-0.08,33.2,11.6,1.16,54.2,0.037,2.68,4.77,High,Optimal,Reduce angular velocity
6.688,P418,14,F,150,71,31.6,Class II,32.3,98.0,1,S4,Upper Arm,0.961,0.036,0.149,0.2,0.38,-0.28,1.1,0.28,9.72,-0.09,25.1,18.0,1.01,49.5,0.026,2.58,5.53,Medium,Deviation,Maintain posture
6.704,P419,17,M,172,89,30.1,Class II,34.1,98.7,1,S5,Upper Arm,0.969,0.042,0.153,0.197,0.34,-0.32,1.2,0.3,9.74,-0.12,31.6,17.9,1.06,52.4,0.032,2.55,4.53,Low,Optimal,Maintain posture
6.72,P420,16,M,172,67,22.6,Normal,36.5,94.9,4,S6,Right Shank,0.971,0.039,0.141,0.182,0.37,-0.34,1.02,0.15,9.78,-0.11,28.7,11.3,1.06,53.3,0.031,2.41,2.42,Medium,Optimal,Maintain posture
6.736,P421,14,M,177,95,30.3,Class II,27.6,82.8,4,S1,Right Shank,0.973,0.033,0.156,0.194,0.43,-0.32,1.06,0.28,9.8,-0.14,31.1,14.0,1.03,54.9,0.03,2.49,5.7,High,Slight Deviation,Adjust torso angle
6.752,P422,16,F,167,93,33.3,Class II,32.5,102.2,1,S2,Upper Arm,0.974,0.032,0.159,0.187,0.35,-0.26,1.13,0.17,9.77,-0.08,32.0,11.7,1.06,49.3,0.032,2.56,2.69,Medium,Optimal,Correct limb orientation
6.768,P423,14,M,156,69,28.4,Class I,31.0,95.1,2,S3,Right Leg,0.965,0.041,0.153,0.18,0.33,-0.29,1.07,0.12,9.76,-0.1,28.4,12.5,1.06,53.4,0.031,2.48,2.17,Low,Optimal,Adjust torso angle
6.784,P424,14,F,178,83,26.2,Class I,27.2,91.8,2,S4,Right Leg,0.96,0.048,0.159,0.188,0.32,-0.28,1.19,0.27,9.89,-0.08,26.1,12.6,1.1,50.4,0.031,2.62,1.9,Medium,Slight Deviation,Adjust torso angle
6.8,P425,15,F,157,83,33.7,Class II,30.5,78.3,4,S5,Left Arm,0.974,0.037,0.143,0.185,0.34,-0.32,1.01,0.23,9.83,-0.13,25.7,15.6,1.13,49.2,0.04,2.46,4.04,Medium,Slight Deviation,Adjust torso angle
6.816,P426,14,M,150,65,28.9,Class I,26.0,88.4,2,S6,Lower Back,0.971,0.045,0.15,0.196,0.42,-0.28,1.11,0.13,9.7,-0.12,30.9,14.1,1.08,50.9,0.026,2.32,2.01,High,Deviation,Correct limb orientation
6.832,P427,13,M,174,86,28.4,Class I,25.4,88.8,1,S1,Left Arm,0.977,0.043,0.152,0.187,0.37,-0.35,1.12,0.19,9.79,-0.12,30.2,19.5,1.14,53.6,0.039,2.33,2.12,High,Deviation,Adjust torso angle
6.848,P428,17,F,172,56,18.9,Normal,27.0,100.9,3,S2,Lower Back,0.976,0.049,0.152,0.197,0.33,-0.31,1.13,0.16,9.88,-0.15,32.4,11.3,1.07,51.3,0.032,2.2,2.85,Medium,Optimal,Maintain balance
6.864,P429,17,M,152,68,29.4,Class I,39.4,91.4,3,S3,Right Shank,0.977,0.046,0.148,0.18,0.32,-0.29,1.05,0.25,9.76,-0.12,30.1,19.7,1.06,51.8,0.034,2.38,2.77,Low,Deviation,Maintain posture
6.88,P430,16,M,173,74,24.7,Normal,33.2,86.4,2,S4,Left Thigh,0.97,0.041,0.147,0.186,0.35,-0.34,1.07,0.19,9.72,-0.07,29.2,12.3,1.11,55.0,0.037,2.65,4.22,Medium,Deviation,Maintain posture
6.896,P431,14,F,172,76,25.7,Class I,39.5,104.3,4,S5,Left Arm,0.967,0.043,0.143,0.185,0.44,-0.27,1.17,0.3,9.85,-0.06,29.0,17.7,1.0,50.8,0.03,2.68,5.18,Low,Optimal,Reduce angular velocity
6.912,P432,13,F,176,65,21.0,Normal,31.5,78.3,4,S6,Left Arm,0.976,0.048,0.148,0.185,0.35,-0.33,1.04,0.11,9.82,-0.1,25.3,13.4,1.02,52.3,0.031,2.32,4.93,Low,Slight Deviation,Maintain balance
6.928,P433,16,M,178,81,25.6,Class I,29.7,87.7,4,S1,Lower Back,0.969,0.038,0.143,0.181,0.45,-0.28,1.17,0.17,9.81,-0.1,28.4,11.4,1.08,50.6,0.031,2.78,2.68,Low,Slight Deviation,Correct limb orientation
6.944,P434,15,F,157,57,23.1,Normal,32.6,76.3,4,S2,Right Shank,0.964,0.037,0.155,0.184,0.37,-0.31,1.11,0.2,9.71,-0.15,34.8,18.6,1.19,50.7,0.031,2.5,2.6,Medium,Optimal,Maintain posture
6.96,P435,16,M,171,71,24.3,Normal,31.6,97.2,4,S3,Right Shank,0.977,0.03,0.144,0.191,0.33,-0.29,1.15,0.2,9.73,-0.06,33.7,13.1,1.14,52.9,0.039,2.75,5.85,Low,Optimal,Adjust torso angle
6.976,P436,16,M,174,98,32.4,Class II,26.6,102.5,2,S4,Lower Back,0.978,0.047,0.141,0.186,0.43,-0.34,1.14,0.16,9.82,-0.15,28.3,16.6,1.02,54.6,0.037,2.62,1.54,Medium,Optimal,Reduce angular velocity
6.992,P437,14,M,164,82,30.5,Class II,34.6,83.4,3,S5,Right Shank,0.969,0.046,0.151,0.188,0.37,-0.35,1.04,0.25,9.74,-0.06,30.9,15.7,1.17,51.8,0.027,2.63,5.46,Low,Optimal,Reduce angular velocity
7.008,P438,15,F,154,83,35.0,Class III,28.2,100.8,3,S6,Upper Arm,0.962,0.032,0.152,0.188,0.41,-0.26,1.11,0.27,9.8,-0.1,33.5,14.7,1.15,53.4,0.027,2.25,2.4,Low,Optimal,Maintain posture
7.024,P439,16,M,152,75,32.5,Class II,34.3,83.8,2,S1,Right Leg,0.968,0.042,0.157,0.198,0.45,-0.32,1.17,0.29,9.81,-0.12,29.4,15.0,1.12,48.6,0.031,2.33,5.76,Medium,Optimal,Maintain balance
7.04,P440,13,M,168,70,24.8,Normal,34.8,102.3,4,S2,Upper Arm,0.976,0.039,0.152,0.198,0.31,-0.27,1.09,0.26,9.76,-0.06,25.2,17.3,1.16,49.5,0.026,2.21,3.04,High,Deviation,Reduce angular velocity
7.056,P441,13,M,150,91,40.4,Class III,27.3,97.6,2,S3,Left Thigh,0.978,0.032,0.147,0.19,0.31,-0.25,1.19,0.27,9.89,-0.15,25.7,10.9,1.08,51.5,0.034,2.63,3.48,High,Deviation,Maintain posture
7.072,P442,17,F,177,74,23.6,Normal,25.9,99.1,3,S4,Left Arm,0.964,0.05,0.156,0.187,0.41,-0.33,1.09,0.21,9.87,-0.09,30.1,16.7,1.04,48.1,0.027,2.41,4.68,Medium,Deviation,Maintain balance
7.088,P443,15,F,164,60,22.3,Normal,36.7,75.5,1,S5,Left Thigh,0.961,0.034,0.151,0.182,0.34,-0.32,1.03,0.27,9.84,-0.1,34.7,19.0,1.1,49.8,0.033,2.67,4.14,Medium,Slight Deviation,Maintain posture
7.104,P444,15,F,157,73,29.6,Class I,31.9,103.9,2,S6,Left Arm,0.978,0.031,0.142,0.199,0.33,-0.28,1.08,0.16,9.72,-0.13,31.9,10.6,1.11,51.6,0.025,2.4,2.93,High,Optimal,Maintain posture
7.12,P445,17,F,151,59,25.9,Class I,25.9,96.8,4,S1,Right Leg,0.968,0.042,0.151,0.181,0.31,-0.25,1.19,0.18,9.72,-0.11,25.7,11.4,1.11,48.1,0.03,2.69,3.99,High,Optimal,Maintain balance
7.136,P446,16,F,152,57,24.7,Normal,39.9,84.1,3,S2,Right Shank,0.971,0.045,0.158,0.186,0.3,-0.26,1.06,0.16,9.8,-0.08,26.9,17.2,1.11,49.9,0.035,2.28,4.79,High,Deviation,Maintain balance
7.152,P447,15,M,173,55,18.4,Normal,25.9,99.9,3,S3,Upper Arm,0.979,0.031,0.148,0.186,0.42,-0.3,1.17,0.19,9.73,-0.08,32.7,14.4,1.19,51.6,0.032,2.3,1.69,Medium,Slight Deviation,Maintain balance
7.168,P448,13,F,163,92,34.6,Class II,35.4,83.4,3,S4,Lower Back,0.961,0.043,0.146,0.186,0.32,-0.27,1.18,0.16,9.9,-0.15,33.4,14.0,1.18,52.0,0.04,2.4,1.55,Low,Deviation,Maintain posture
7.184,P449,13,F,173,69,23.1,Normal,39.8,101.2,3,S5,Upper Arm,0.973,0.041,0.143,0.183,0.37,-0.34,1.07,0.29,9.73,-0.06,31.2,11.4,1.18,54.5,0.038,2.45,3.56,Medium,Optimal,Reduce angular velocity
7.2,P450,14,F,163,88,33.1,Class II,28.6,78.4,4,S6,Right Leg,0.961,0.032,0.143,0.196,0.39,-0.25,1.02,0.16,9.8,-0.13,31.4,15.1,1.16,52.5,0.03,2.41,2.09,High,Optimal,Correct limb orientation
7.216,P451,15,M,160,89,34.8,Class II,27.1,96.1,1,S1,Left Thigh,0.968,0.033,0.149,0.182,0.36,-0.25,1.14,0.12,9.77,-0.13,25.3,11.3,1.19,50.9,0.026,2.66,4.49,Low,Deviation,Correct limb orientation
7.232,P452,16,F,165,79,29.0,Class I,26.8,91.2,3,S2,Lower Back,0.976,0.041,0.152,0.193,0.3,-0.33,1.06,0.21,9.83,-0.12,33.3,14.8,1.02,54.5,0.038,2.26,2.46,Medium,Deviation,Maintain posture
7.248,P453,17,F,153,78,33.3,Class II,29.5,77.9,2,S3,Right Shank,0.969,0.036,0.142,0.182,0.42,-0.32,1.16,0.11,9.73,-0.15,32.9,17.6,1.05,53.5,0.039,2.41,3.45,High,Optimal,Maintain posture
7.264,P454,17,M,169,66,23.1,Normal,26.5,82.3,1,S4,Right Leg,0.98,0.049,0.159,0.181,0.3,-0.34,1.09,0.12,9.79,-0.14,27.6,12.6,1.1,49.4,0.037,2.7,2.39,Medium,Deviation,Reduce angular velocity
7.28,P455,16,F,154,72,30.4,Class II,35.4,75.4,3,S5,Lower Back,0.971,0.046,0.155,0.198,0.41,-0.32,1.1,0.14,9.75,-0.05,32.1,14.8,1.17,48.9,0.027,2.24,3.97,Low,Optimal,Maintain balance
7.296,P456,14,M,171,69,23.6,Normal,25.9,89.1,1,S6,Right Leg,0.966,0.05,0.152,0.184,0.43,-0.27,1.16,0.19,9.88,-0.12,27.1,19.9,1.1,52.7,0.04,2.77,2.02,High,Deviation,Maintain posture
7.312,P457,17,M,170,98,33.9,Class II,32.6,84.0,2,S1,Right Leg,0.964,0.035,0.157,0.196,0.36,-0.31,1.08,0.19,9.71,-0.14,25.4,16.9,1.15,51.9,0.029,2.79,1.6,Medium,Slight Deviation,Adjust torso angle
7.328,P458,15,M,163,70,26.3,Class I,40.0,93.0,3,S2,Right Shank,0.967,0.049,0.142,0.191,0.38,-0.34,1.09,0.26,9.88,-0.14,27.0,18.4,1.03,53.5,0.036,2.25,1.73,Low,Optimal,Maintain balance
7.344,P459,14,M,172,81,27.4,Class I,37.2,83.9,2,S3,Left Arm,0.967,0.039,0.15,0.182,0.37,-0.32,1.08,0.25,9.87,-0.08,26.8,14.1,1.05,53.2,0.039,2.37,5.79,Low,Slight Deviation,Maintain posture
7.36,P460,15,M,165,62,22.8,Normal,34.2,84.0,4,S4,Lower Back,0.961,0.037,0.153,0.199,0.36,-0.25,1.07,0.19,9.76,-0.06,28.4,17.7,1.15,52.4,0.029,2.42,2.14,Medium,Deviation,Adjust torso angle
7.376,P461,13,F,167,79,28.3,Class I,29.6,97.3,3,S5,Right Shank,0.967,0.031,0.157,0.185,0.43,-0.29,1.11,0.17,9.86,-0.12,29.2,10.4,1.03,54.9,0.039,2.67,4.69,Low,Slight Deviation,Reduce angular velocity
7.392,P462,14,M,156,71,29.2,Class I,34.4,76.4,3,S6,Right Leg,0.969,0.031,0.156,0.197,0.43,-0.31,1.16,0.16,9.71,-0.15,30.1,11.2,1.07,51.7,0.03,2.56,1.81,High,Deviation,Adjust torso angle
7.408,P463,17,M,159,83,32.8,Class II,32.9,102.1,3,S1,Right Shank,0.974,0.044,0.146,0.183,0.35,-0.33,1.07,0.25,9.89,-0.13,29.8,12.0,1.05,48.8,0.04,2.59,1.99,Low,Slight Deviation,Maintain posture
7.424,P464,14,F,156,62,25.5,Class I,31.4,100.6,3,S2,Left Arm,0.973,0.039,0.159,0.197,0.39,-0.25,1.1,0.11,9.81,-0.14,27.7,14.0,1.07,53.8,0.029,2.65,3.79,Medium,Slight Deviation,Correct limb orientation
7.44,P465,14,M,150,69,30.7,Class II,27.0,95.0,4,S3,Upper Arm,0.974,0.035,0.142,0.18,0.44,-0.27,1.13,0.1,9.76,-0.14,25.3,18.5,1.14,49.8,0.039,2.27,3.59,High,Slight Deviation,Maintain posture
7.456,P466,14,F,172,81,27.4,Class I,38.3,92.8,3,S4,Lower Back,0.96,0.042,0.158,0.19,0.44,-0.32,1.05,0.26,9.77,-0.11,31.1,13.5,1.07,53.4,0.026,2.7,5.78,Low,Optimal,Correct limb orientation
7.472,P467,14,F,170,61,21.1,Normal,31.7,101.8,1,S5,Left Arm,0.964,0.035,0.159,0.195,0.38,-0.34,1.06,0.2,9.71,-0.13,29.0,16.5,1.11,54.7,0.036,2.62,5.75,Low,Slight Deviation,Reduce angular velocity
7.488,P468,15,F,168,57,20.2,Normal,27.9,80.6,3,S6,Left Thigh,0.973,0.042,0.144,0.199,0.37,-0.34,1.19,0.13,9.9,-0.1,28.0,17.1,1.02,52.9,0.033,2.55,5.01,High,Deviation,Reduce angular velocity
7.504,P469,13,M,165,83,30.5,Class II,30.5,77.4,4,S1,Lower Back,0.97,0.037,0.154,0.198,0.34,-0.34,1.14,0.15,9.71,-0.12,33.7,15.9,1.16,52.2,0.032,2.73,4.21,High,Deviation,Maintain balance
7.52,P470,16,M,178,98,30.9,Class II,31.2,82.2,3,S2,Left Arm,0.96,0.046,0.141,0.196,0.44,-0.29,1.12,0.29,9.83,-0.06,32.5,13.6,1.07,51.2,0.028,2.62,3.55,Low,Optimal,Maintain balance
7.536,P471,14,M,168,78,27.6,Class I,37.4,98.8,1,S3,Right Leg,0.976,0.046,0.148,0.198,0.32,-0.26,1.13,0.27,9.79,-0.06,33.6,15.8,1.13,50.6,0.036,2.32,3.1,High,Optimal,Correct limb orientation
7.552,P472,17,F,153,57,24.3,Normal,36.0,76.0,4,S4,Lower Back,0.975,0.04,0.15,0.184,0.39,-0.3,1.01,0.24,9.89,-0.09,29.9,13.4,1.15,50.5,0.028,2.46,5.76,Medium,Deviation,Correct limb orientation
7.568,P473,14,M,178,74,23.4,Normal,36.5,92.5,4,S5,Lower Back,0.971,0.037,0.152,0.186,0.34,-0.27,1.12,0.2,9.75,-0.11,26.3,10.8,1.04,52.5,0.033,2.5,4.21,Low,Slight Deviation,Reduce angular velocity
7.584,P474,17,M,177,69,22.0,Normal,25.2,104.9,1,S6,Right Shank,0.961,0.037,0.159,0.186,0.34,-0.31,1.1,0.2,9.81,-0.11,32.0,19.9,1.18,53.3,0.029,2.23,4.11,Medium,Deviation,Adjust torso angle
7.6,P475,15,M,167,79,28.3,Class I,31.2,100.7,1,S1,Right Leg,0.975,0.046,0.153,0.188,0.36,-0.28,1.11,0.3,9.8,-0.11,27.1,11.3,1.12,52.7,0.039,2.77,2.54,Low,Optimal,Correct limb orientation
7.616,P476,17,F,151,84,36.8,Class III,32.2,90.6,1,S2,Left Thigh,0.972,0.037,0.15,0.188,0.45,-0.28,1.07,0.29,9.84,-0.08,29.4,10.7,1.09,49.4,0.025,2.28,1.71,Medium,Optimal,Correct limb orientation
7.632,P477,16,F,150,68,30.2,Class II,25.3,76.9,1,S3,Upper Arm,0.976,0.034,0.156,0.191,0.31,-0.33,1.02,0.14,9.71,-0.1,25.7,18.8,1.04,51.5,0.028,2.62,5.75,Medium,Deviation,Adjust torso angle
7.648,P478,13,M,164,61,22.7,Normal,28.9,99.9,1,S4,Left Arm,0.975,0.032,0.159,0.183,0.39,-0.31,1.04,0.26,9.74,-0.06,33.3,13.0,1.19,53.5,0.029,2.5,2.91,High,Slight Deviation,Maintain balance
7.664,P479,17,M,154,71,29.9,Class I,36.4,93.0,4,S5,Right Shank,0.976,0.039,0.14,0.194,0.31,-0.29,1.19,0.14,9.74,-0.06,26.3,16.5,1.15,51.3,0.031,2.22,3.49,Low,Slight Deviation,Maintain balance
7.68,P480,17,M,169,98,34.3,Class II,27.1,78.4,4,S6,Left Arm,0.97,0.04,0.16,0.183,0.32,-0.34,1.08,0.14,9.85,-0.12,34.0,13.3,1.04,51.8,0.028,2.75,2.02,High,Optimal,Correct limb orientation
7.696,P481,13,M,160,74,28.9,Class I,33.0,77.8,3,S1,Left Thigh,0.963,0.047,0.142,0.186,0.37,-0.31,1.09,0.24,9.74,-0.09,33.6,13.9,1.07,53.4,0.032,2.71,5.27,High,Deviation,Maintain balance
7.712,P482,16,F,159,90,35.6,Class III,28.2,102.3,3,S2,Left Thigh,0.973,0.034,0.156,0.19,0.38,-0.3,1.01,0.18,9.81,-0.14,29.6,12.6,1.16,52.6,0.038,2.51,1.62,Low,Deviation,Maintain balance
7.728,P483,14,F,151,63,27.6,Class I,25.2,95.1,2,S3,Lower Back,0.972,0.038,0.146,0.196,0.34,-0.25,1.01,0.29,9.74,-0.13,32.4,13.4,1.14,50.9,0.036,2.34,5.25,Medium,Optimal,Maintain balance
7.744,P484,17,F,152,92,39.8,Class III,28.6,99.9,3,S4,Left Thigh,0.975,0.046,0.143,0.195,0.35,-0.3,1.14,0.12,9.87,-0.11,31.2,14.1,1.15,54.3,0.034,2.27,2.13,Low,Deviation,Reduce angular velocity
7.76,P485,13,F,172,76,25.7,Class I,39.6,101.4,3,S5,Left Arm,0.963,0.046,0.149,0.193,0.31,-0.27,1.11,0.2,9.89,-0.13,33.0,17.2,1.09,49.1,0.026,2.42,5.49,Low,Optimal,Maintain posture
7.776,P486,15,M,172,56,18.9,Normal,37.0,92.2,1,S6,Right Leg,0.964,0.038,0.153,0.183,0.35,-0.31,1.1,0.28,9.8,-0.06,29.3,15.1,1.14,55.0,0.035,2.35,4.78,Low,Slight Deviation,Correct limb orientation
7.792,P487,13,M,161,78,30.1,Class II,39.4,90.5,1,S1,Right Leg,0.978,0.039,0.148,0.191,0.44,-0.27,1.05,0.28,9.77,-0.13,32.9,19.4,1.08,48.8,0.027,2.5,2.24,High,Slight Deviation,Correct limb orientation
7.808,P488,15,M,169,62,21.7,Normal,32.3,87.9,3,S2,Lower Back,0.975,0.036,0.141,0.182,0.44,-0.29,1.15,0.13,9.75,-0.1,29.6,10.4,1.04,48.1,0.037,2.78,4.05,Low,Deviation,Reduce angular velocity
7.824,P489,16,F,154,65,27.4,Class I,26.6,84.5,2,S3,Upper Arm,0.978,0.049,0.152,0.188,0.35,-0.26,1.03,0.17,9.71,-0.09,34.4,15.0,1.13,54.2,0.029,2.54,2.91,Low,Slight Deviation,Maintain posture
7.84,P490,14,M,154,67,28.3,Class I,33.2,88.0,1,S4,Left Arm,0.975,0.032,0.158,0.188,0.39,-0.31,1.04,0.22,9.75,-0.08,29.9,15.8,1.2,49.7,0.031,2.73,2.3,Low,Slight Deviation,Maintain posture
7.856,P491,13,F,155,71,29.6,Class I,31.8,98.2,3,S5,Left Arm,0.972,0.049,0.148,0.181,0.44,-0.29,1.09,0.13,9.83,-0.11,29.6,19.2,1.06,53.1,0.03,2.59,5.37,Medium,Optimal,Reduce angular velocity
7.872,P492,17,F,179,62,19.4,Normal,37.7,93.1,3,S6,Left Thigh,0.973,0.044,0.144,0.185,0.3,-0.29,1.06,0.29,9.81,-0.06,32.9,10.5,1.09,53.7,0.038,2.49,3.32,Medium,Optimal,Adjust torso angle
7.888,P493,16,M,158,75,30.0,Class II,26.5,101.8,4,S1,Left Arm,0.978,0.041,0.149,0.199,0.42,-0.31,1.05,0.28,9.89,-0.09,33.2,15.7,1.13,54.0,0.027,2.71,3.29,Medium,Deviation,Adjust torso angle
7.904,P494,13,M,151,72,31.6,Class II,32.3,88.3,2,S2,Right Shank,0.972,0.031,0.141,0.199,0.44,-0.34,1.13,0.13,9.78,-0.11,30.5,18.5,1.11,54.9,0.033,2.48,2.26,Medium,Optimal,Maintain posture
7.92,P495,17,M,170,84,29.1,Class I,27.3,93.2,4,S3,Upper Arm,0.973,0.04,0.156,0.187,0.31,-0.34,1.13,0.12,9.84,-0.14,26.8,12.4,1.17,50.1,0.027,2.72,3.22,High,Deviation,Adjust torso angle
7.936,P496,13,F,161,72,27.8,Class I,29.9,93.9,2,S4,Left Thigh,0.963,0.038,0.157,0.181,0.32,-0.35,1.16,0.12,9.8,-0.1,29.7,18.8,1.15,53.0,0.036,2.37,5.42,High,Deviation,Adjust torso angle
7.952,P497,15,M,152,85,36.8,Class III,36.1,92.8,1,S5,Right Shank,0.969,0.033,0.152,0.184,0.44,-0.26,1.08,0.28,9.8,-0.07,34.7,10.2,1.01,48.8,0.039,2.28,3.13,Low,Optimal,Adjust torso angle
7.968,P498,13,F,169,92,32.2,Class II,32.1,96.1,2,S6,Lower Back,0.974,0.043,0.147,0.188,0.38,-0.33,1.01,0.14,9.75,-0.09,32.5,17.3,1.2,50.8,0.032,2.71,5.78,High,Slight Deviation,Maintain posture
7.984,P499,13,M,175,86,28.1,Class I,30.6,82.1,3,S1,Right Leg,0.965,0.049,0.156,0.199,0.3,-0.33,1.05,0.18,9.79,-0.07,33.1,19.3,1.15,53.9,0.032,2.55,5.76,Medium,Slight Deviation,Adjust torso angle
8.0,P500,13,F,171,65,22.2,Normal,30.9,90.4,3,S2,Lower Back,0.964,0.041,0.151,0.183,0.34,-0.28,1.2,0.19,9.79,-0.1,25.3,16.6,1.17,50.6,0.039,2.73,2.15,Low,Slight Deviation,Correct limb orientation
